-- phpMyAdmin SQL Dump
-- version 4.5.2
-- http://www.phpmyadmin.net
--
-- Host: localhost
-- Generation Time: May 12, 2016 at 05:53 AM
-- Server version: 10.1.13-MariaDB
-- PHP Version: 5.6.20

SET SQL_MODE = "NO_AUTO_VALUE_ON_ZERO";
SET time_zone = "+00:00";


/*!40101 SET @OLD_CHARACTER_SET_CLIENT=@@CHARACTER_SET_CLIENT */;
/*!40101 SET @OLD_CHARACTER_SET_RESULTS=@@CHARACTER_SET_RESULTS */;
/*!40101 SET @OLD_COLLATION_CONNECTION=@@COLLATION_CONNECTION */;
/*!40101 SET NAMES utf8mb4 */;

--
-- Database: `datawarehouse`
--

-- --------------------------------------------------------

--
-- Table structure for table `Product`
--

CREATE TABLE `Product` (
  `product_key` double NOT NULL,
  `description` varchar(255) DEFAULT NULL,
  `full_description` varchar(50) DEFAULT NULL,
  `SKU_number` double DEFAULT NULL,
  `package_size` varchar(255) DEFAULT NULL,
  `brand` varchar(255) DEFAULT NULL,
  `subcategory` varchar(255) DEFAULT NULL,
  `category` varchar(255) DEFAULT NULL,
  `department` varchar(255) DEFAULT NULL,
  `package_type` varchar(255) DEFAULT NULL,
  `diet_type` varchar(255) DEFAULT NULL
) ENGINE=InnoDB DEFAULT CHARSET=utf8;

--
-- Dumping data for table `Product`
--

INSERT INTO `Product` (`product_key`, `description`, `full_description`, `SKU_number`, `package_size`, `brand`, `subcategory`, `category`, `department`, `package_type`, `diet_type`) VALUES
(1, 'Lasagna', 'Lasagna 6 oz', 90706287103, '6 oz', 'Cold Gourmet', 'Frozen Foods', 'Food', 'Grocery', 'box', 'Diet'),
(2, 'Beef Stew', 'Beef Stew 6 oz', 16005393282, '6 oz', 'Cold Gourmet', 'Frozen Foods', 'Food', 'Grocery', 'box', 'Regular'),
(3, 'Turkey Dinner', 'Turkey Dinner 8 oz', 57986858339, '8 oz', 'Frozen Bird', 'Frozen Foods', 'Food', 'Grocery', 'box', 'Diet'),
(4, 'Chicken Dinner', 'Chicken Dinner 8 oz', 67955177490, '8 oz', 'Frozen Bird', 'Frozen Foods', 'Food', 'Grocery', 'box', 'Regular'),
(5, 'Extra Nougat', 'Extra Nougat 2 oz', 46817560065, '2 oz', 'Chewy Industries', 'Candy', 'Food', 'Grocery', 'can', 'Regular'),
(6, 'Lots of Nuts', 'Lots of Nuts 2 oz', 84276830332, '2 oz', 'Chewy Industries', 'Candy', 'Food', 'Grocery', 'can', 'Regular'),
(7, 'Sweet Tooth', 'Sweet Tooth 2 oz', 51770124461, '2 oz', 'Chewy Industries', 'Candy', 'Food', 'Grocery', 'bottle', 'Regular'),
(8, 'Fizzy Light', 'Fizzy Light 6 oz', 33411763259, '6 oz', 'Big Can', 'Soft Drinks', 'Drinks', 'Grocery', 'can', 'Diet'),
(9, 'Fizzy Classic', 'Fizzy Classic 6 oz', 95946398896, '6 oz', 'Big Can', 'Soft Drinks', 'Drinks', 'Grocery', 'can', 'Regular'),
(10, 'Athletic Drink', 'Athletic Drink 6 oz', 88602993232, '6 oz', 'Big Can', 'Soft Drinks', 'Drinks', 'Grocery', 'can', 'Diet'),
(11, 'Strong Cola', 'Strong Cola 8 oz', 59015963215, '8 oz', 'National Bottle', 'Soft Drinks', 'Drinks', 'Grocery', 'can', 'Regular'),
(12, 'Clear Refresher', 'Clear Refresher 6 oz', 94794170004, '6 oz', 'National Bottle', 'Soft Drinks', 'Drinks', 'Grocery', 'can', 'Diet'),
(13, 'Paper Towels', 'Paper Towels 8 oz', 22563048263, '8 oz', 'Squeezable Inc', 'Cleaning Supplies', 'Supplies', 'Household', 'plastic bag', 'NA'),
(14, 'Dry Tissues', 'Dry Tissues 5 oz', 20716427467, '5 oz', 'Squeezable Inc', 'Cleaning Supplies', 'Supplies', 'Household', 'box', 'NA'),
(15, 'Wet Wipes', 'Wet Wipes 8 oz', 65053589655, '8 oz', 'Squeezable Inc', 'Cleaning Supplies', 'Supplies', 'Household', 'plastic box', 'NA'),
(16, 'Salty Corn', 'Salty Corn 2 oz', 80323441322, '2 oz', 'American Corn', 'Salty Snacks', 'Food', 'Grocery', 'bag', 'Regular'),
(17, 'Dried Grits', 'Dried Grits 2 oz', 15536655574, '2 oz', 'American Corn', 'Salty Snacks', 'Food', 'Grocery', 'bag', 'Diet'),
(18, 'Power Chips', 'Power Chips 3 oz', 44513822387, '3 oz', 'American Corn', 'Salty Snacks', 'Food', 'Grocery', 'bag', 'Regular'),
(19, 'Onion Slices', 'Onion Slices 3 oz', 49269095527, '3 oz', 'Western Vegetable', 'Salty Snacks', 'Food', 'Grocery', 'bag', 'Regular'),
(20, 'Buffalo Jerky', 'Buffalo Jerky 3 oz', 40806606950, '3 oz', 'Western Vegetable', 'Salty Snacks', 'Food', 'Grocery', 'bag', 'Regular'),
(21, 'Lasagna', 'Lasagna 9 oz', 35932897460, '9 oz', 'Cold Gourmet', 'Frozen Foods', 'Food', 'Grocery', 'box', 'Diet'),
(22, 'Beef Stew', 'Beef Stew 9 oz', 34551157058, '9 oz', 'Cold Gourmet', 'Frozen Foods', 'Food', 'Grocery', 'box', 'Regular'),
(23, 'Turkey Dinner', 'Turkey Dinner 12 oz', 71307965759, '12 oz', 'Frozen Bird', 'Frozen Foods', 'Food', 'Grocery', 'box', 'Diet'),
(24, 'Chicken Dinner', 'Chicken Dinner 12 oz', 25464035081, '12 oz', 'Frozen Bird', 'Frozen Foods', 'Food', 'Grocery', 'box', 'Regular'),
(25, 'Extra Nougat', 'Extra Nougat 3 oz', 98524228144, '3 oz', 'Chewy Industries', 'Candy', 'Food', 'Grocery', 'can', 'Regular'),
(26, 'Lots of Nuts', 'Lots of Nuts 3 oz', 24247989491, '3 oz', 'Chewy Industries', 'Candy', 'Food', 'Grocery', 'can', 'Regular'),
(27, 'Sweet Tooth', 'Sweet Tooth 3 oz', 10787621276, '3 oz', 'Chewy Industries', 'Candy', 'Food', 'Grocery', 'bottle', 'Regular'),
(28, 'Fizzy Light', 'Fizzy Light 9 oz', 92822703206, '9 oz', 'Big Can', 'Soft Drinks', 'Drinks', 'Grocery', 'can', 'Diet'),
(29, 'Fizzy Classic', 'Fizzy Classic 9 oz', 74695428497, '9 oz', 'Big Can', 'Soft Drinks', 'Drinks', 'Grocery', 'can', 'Regular'),
(30, 'Athletic Drink', 'Athletic Drink 9 oz', 48530259240, '9 oz', 'Big Can', 'Soft Drinks', 'Drinks', 'Grocery', 'can', 'Diet'),
(31, 'Strong Cola', 'Strong Cola 12 oz', 10478516528, '12 oz', 'National Bottle', 'Soft Drinks', 'Drinks', 'Grocery', 'can', 'Regular'),
(32, 'Clear Refresher', 'Clear Refresher 9 oz', 89835195915, '9 oz', 'National Bottle', 'Soft Drinks', 'Drinks', 'Grocery', 'can', 'Diet'),
(33, 'Paper Towels', 'Paper Towels 12 oz', 62974321939, '12 oz', 'Squeezable Inc', 'Cleaning Supplies', 'Supplies', 'Household', 'plastic bag', 'NA'),
(34, 'Dry Tissues', 'Dry Tissues 7.5 oz', 43507173902, '7.5 oz', 'Squeezable Inc', 'Cleaning Supplies', 'Supplies', 'Household', 'box', 'NA'),
(35, 'Wet Wipes', 'Wet Wipes 12 oz', 92028763643, '12 oz', 'Squeezable Inc', 'Cleaning Supplies', 'Supplies', 'Household', 'plastic box', 'NA'),
(36, 'Salty Corn', 'Salty Corn 3 oz', 54983505685, '3 oz', 'American Corn', 'Salty Snacks', 'Food', 'Grocery', 'bag', 'Regular'),
(37, 'Dried Grits', 'Dried Grits 3 oz', 11184804406, '3 oz', 'American Corn', 'Salty Snacks', 'Food', 'Grocery', 'bag', 'Diet'),
(38, 'Power Chips', 'Power Chips 4.5 oz', 51364643658, '4.5 oz', 'American Corn', 'Salty Snacks', 'Food', 'Grocery', 'bag', 'Regular'),
(39, 'Onion Slices', 'Onion Slices 4.5 oz', 72546822646, '4.5 oz', 'Western Vegetable', 'Salty Snacks', 'Food', 'Grocery', 'bag', 'Regular'),
(40, 'Buffalo Jerky', 'Buffalo Jerky 4.5 oz', 37331588167, '4.5 oz', 'Western Vegetable', 'Salty Snacks', 'Food', 'Grocery', 'bag', 'Regular'),
(41, 'Lasagna', 'Lasagna 13.5 oz', 84302852271, '13.5 oz', 'Cold Gourmet', 'Frozen Foods', 'Food', 'Grocery', 'box', 'Diet'),
(42, 'Beef Stew', 'Beef Stew 13.5 oz', 23430942207, '13.5 oz', 'Cold Gourmet', 'Frozen Foods', 'Food', 'Grocery', 'box', 'Regular'),
(43, 'Turkey Dinner', 'Turkey Dinner 18 oz', 77016028053, '18 oz', 'Frozen Bird', 'Frozen Foods', 'Food', 'Grocery', 'box', 'Diet'),
(44, 'Chicken Dinner', 'Chicken Dinner 18 oz', 83931167559, '18 oz', 'Frozen Bird', 'Frozen Foods', 'Food', 'Grocery', 'box', 'Regular'),
(45, 'Extra Nougat', 'Extra Nougat 4.5 oz', 76234081227, '4.5 oz', 'Chewy Industries', 'Candy', 'Food', 'Grocery', 'can', 'Regular'),
(46, 'Lots of Nuts', 'Lots of Nuts 4.5 oz', 85681418862, '4.5 oz', 'Chewy Industries', 'Candy', 'Food', 'Grocery', 'can', 'Regular'),
(47, 'Sweet Tooth', 'Sweet Tooth 4.5 oz', 32943352203, '4.5 oz', 'Chewy Industries', 'Candy', 'Food', 'Grocery', 'bottle', 'Regular'),
(48, 'Fizzy Light', 'Fizzy Light 13.5 oz', 59632819867, '13.5 oz', 'Big Can', 'Soft Drinks', 'Drinks', 'Grocery', 'can', 'Diet'),
(49, 'Fizzy Classic', 'Fizzy Classic 13.5 oz', 64758233722, '13.5 oz', 'Big Can', 'Soft Drinks', 'Drinks', 'Grocery', 'can', 'Regular'),
(50, 'Athletic Drink', 'Athletic Drink 13.5 oz', 63998140597, '13.5 oz', 'Big Can', 'Soft Drinks', 'Drinks', 'Grocery', 'can', 'Diet'),
(51, 'Strong Cola', 'Strong Cola 18 oz', 78532224693, '18 oz', 'National Bottle', 'Soft Drinks', 'Drinks', 'Grocery', 'can', 'Regular'),
(52, 'Clear Refresher', 'Clear Refresher 13.5 oz', 26124581284, '13.5 oz', 'National Bottle', 'Soft Drinks', 'Drinks', 'Grocery', 'can', 'Diet'),
(53, 'Paper Towels', 'Paper Towels 18 oz', 99257418302, '18 oz', 'Squeezable Inc', 'Cleaning Supplies', 'Supplies', 'Household', 'plastic bag', 'NA'),
(54, 'Dry Tissues', 'Dry Tissues 11.2 oz', 46205094999, '11.2 oz', 'Squeezable Inc', 'Cleaning Supplies', 'Supplies', 'Household', 'box', 'NA'),
(55, 'Wet Wipes', 'Wet Wipes 18 oz', 26231258086, '18 oz', 'Squeezable Inc', 'Cleaning Supplies', 'Supplies', 'Household', 'plastic box', 'NA'),
(56, 'Salty Corn', 'Salty Corn 4.5 oz', 21628878100, '4.5 oz', 'American Corn', 'Salty Snacks', 'Food', 'Grocery', 'bag', 'Regular'),
(57, 'Dried Grits', 'Dried Grits 4.5 oz', 55681968175, '4.5 oz', 'American Corn', 'Salty Snacks', 'Food', 'Grocery', 'bag', 'Diet'),
(58, 'Power Chips', 'Power Chips 6.7 oz', 43992125296, '6.7 oz', 'American Corn', 'Salty Snacks', 'Food', 'Grocery', 'bag', 'Regular'),
(59, 'Onion Slices', 'Onion Slices 6.7 oz', 50616533214, '6.7 oz', 'Western Vegetable', 'Salty Snacks', 'Food', 'Grocery', 'bag', 'Regular'),
(60, 'Buffalo Jerky', 'Buffalo Jerky 6.7 oz', 69467630292, '6.7 oz', 'Western Vegetable', 'Salty Snacks', 'Food', 'Grocery', 'bag', 'Regular');

-- --------------------------------------------------------

--
-- Table structure for table `Promotion`
--

CREATE TABLE `Promotion` (
  `promotion_key` double NOT NULL,
  `promotion_name` varchar(255) DEFAULT NULL,
  `price_reduction_type` varchar(255) DEFAULT NULL,
  `ad_type` varchar(255) DEFAULT NULL,
  `display_type` varchar(255) DEFAULT NULL,
  `coupon_type` varchar(255) DEFAULT NULL,
  `ad_media_type` varchar(255) DEFAULT NULL,
  `display_provider` varchar(255) DEFAULT NULL
) ENGINE=InnoDB DEFAULT CHARSET=utf8;

--
-- Dumping data for table `Promotion`
--

INSERT INTO `Promotion` (`promotion_key`, `promotion_name`, `price_reduction_type`, `ad_type`, `display_type`, `coupon_type`, `ad_media_type`, `display_provider`) VALUES
(1, 'Blue Ribbon Discounts', 'Temporary', 'Daily Paper', 'None', 'None', 'Paper', 'None'),
(2, 'Red Carpet Closeout', 'Markdown', 'Sunday Paper', 'None', 'None', 'Paper', 'None'),
(3, 'Ad Blitz', 'None', 'Paper and Radio', 'None', 'None', 'Paper and Radio', 'None'),
(4, 'Ads and Racks', 'None', 'Paper and Radio', 'Rack', 'None', 'Paper and Radio', 'Smith'),
(5, 'Shelf Talkers', 'None', 'None', 'Shelf Tag', 'None', 'None', 'Jones'),
(6, 'POS Grabbers', 'None', 'None', 'Register', 'None', 'None', 'Smith'),
(7, 'Two for One', 'Coupon Only', 'Sunday Paper', 'None', 'Paper', 'Paper', 'None'),
(8, 'Cents Off Coupon', 'Coupon Only', 'Mailer', 'None', 'Mailer', 'None', 'None'),
(9, 'Redemption', 'Redemption Only', 'Attached', 'None', 'Attached', 'None', 'None'),
(10, 'Big Promo', 'Temporary', 'Daily Paper', 'End Aisle', 'None', 'Paper', 'Smith'),
(11, 'No Promotion', 'None', 'None', 'None', 'None', 'None', 'None');

-- --------------------------------------------------------

--
-- Table structure for table `SalesFact`
--

CREATE TABLE `SalesFact` (
  `time_key` double DEFAULT NULL,
  `product_key` double DEFAULT NULL,
  `promotion_key` double DEFAULT NULL,
  `store_key` double DEFAULT NULL,
  `dollar_sales` double DEFAULT NULL
) ENGINE=InnoDB DEFAULT CHARSET=utf8;

--
-- Dumping data for table `SalesFact`
--

INSERT INTO `SalesFact` (`time_key`, `product_key`, `promotion_key`, `store_key`, `dollar_sales`) VALUES
(1, 1, 1, 15, 78.35),
(2, 1, 1, 16, 102.85),
(3, 1, 1, 1, 116.63),
(4, 1, 1, 20, 7.6),
(5, 1, 1, 11, 7.23),
(6, 1, 1, 6, 87.59),
(7, 1, 1, 17, 133.32),
(8, 1, 1, 14, 32.98),
(9, 1, 1, 20, 2.12),
(10, 1, 1, 3, 38.46),
(11, 1, 1, 8, 128.25),
(12, 1, 1, 6, 22.01),
(13, 1, 1, 9, 44.1),
(14, 1, 1, 4, 10.91),
(15, 1, 1, 6, 51.23),
(16, 1, 11, 13, 16.56),
(17, 1, 11, 19, 3.82),
(18, 1, 11, 9, 84.91),
(19, 1, 11, 8, 45.58),
(20, 1, 11, 20, 65.96),
(21, 1, 11, 4, 43.48),
(22, 1, 11, 4, 110.61),
(23, 1, 11, 3, 77.68),
(24, 1, 11, 17, 35.55),
(25, 1, 11, 7, 0.04),
(26, 1, 11, 11, 13.84),
(27, 1, 11, 10, 25.35),
(28, 1, 11, 11, 128.06),
(29, 1, 11, 10, 55.73),
(30, 1, 11, 4, 16.55),
(31, 1, 11, 18, 46.13),
(32, 1, 11, 2, 54.54),
(33, 1, 11, 5, 43.03),
(34, 1, 11, 10, 146.11),
(35, 1, 11, 19, 91.76),
(36, 1, 11, 9, 19.37),
(37, 1, 11, 7, 81.12),
(38, 1, 11, 3, 58.37),
(39, 1, 11, 11, 143.18),
(40, 1, 11, 15, 57.43),
(41, 1, 11, 14, 71.47),
(42, 1, 11, 11, 86.03),
(43, 1, 11, 10, 149.84),
(44, 1, 11, 6, 89.54),
(45, 1, 11, 8, 80.78),
(46, 1, 11, 15, 132.18),
(47, 1, 11, 5, 11.13),
(48, 1, 11, 8, 20.2),
(49, 1, 11, 1, 90.08),
(50, 1, 11, 10, 127.14),
(51, 1, 11, 15, 107.24),
(52, 1, 11, 9, 166.53),
(53, 1, 11, 9, 46.84),
(54, 1, 11, 19, 109.17),
(55, 1, 11, 4, 73.14),
(56, 1, 11, 10, 36.81),
(57, 1, 11, 6, 23.45),
(58, 1, 11, 12, 111.08),
(59, 1, 11, 2, 118.39),
(60, 1, 11, 5, 132.58),
(61, 1, 11, 16, 54.96),
(62, 1, 11, 14, 148.01),
(63, 1, 11, 20, 117.67),
(64, 1, 11, 4, 68.62),
(65, 1, 11, 13, 84.16),
(66, 1, 11, 8, 130.27),
(67, 1, 11, 5, 103.16),
(68, 1, 11, 18, 157.43),
(69, 1, 11, 18, 43.86),
(70, 1, 11, 1, 142.11),
(71, 1, 11, 9, 125.36),
(72, 1, 11, 9, 120.08),
(73, 1, 11, 4, 161.6),
(74, 1, 11, 3, 106.97),
(75, 1, 11, 12, 145.37),
(76, 1, 11, 16, 63.98),
(77, 1, 11, 6, 35.44),
(78, 1, 11, 3, 152.16),
(79, 1, 11, 17, 83.15),
(80, 1, 11, 8, 55.12),
(81, 1, 11, 13, 34.65),
(82, 1, 11, 4, 79.67),
(83, 1, 11, 6, 150.63),
(84, 1, 11, 3, 25.63),
(85, 1, 11, 20, 98.27),
(86, 1, 11, 6, 139.91),
(87, 1, 11, 7, 93.81),
(88, 1, 11, 5, 96.92),
(89, 1, 11, 9, 8.46),
(90, 1, 11, 20, 167.74),
(91, 1, 11, 17, 43.68),
(92, 1, 11, 1, 117.04),
(93, 1, 2, 6, 56.68),
(94, 1, 2, 17, 38.11),
(95, 1, 2, 9, 66.8),
(96, 1, 2, 13, 22.64),
(97, 1, 2, 10, 28.7),
(98, 1, 2, 6, 1.44),
(99, 1, 2, 16, 61.42),
(100, 1, 2, 16, 9.45),
(101, 1, 2, 2, 70.87),
(102, 1, 2, 19, 59.97),
(103, 1, 2, 2, 28.75),
(104, 1, 2, 9, 56.63),
(105, 1, 2, 9, 31.62),
(106, 1, 2, 12, 92.2),
(107, 1, 2, 9, 16.52),
(108, 1, 11, 16, 58.36),
(109, 1, 11, 1, 81.71),
(110, 1, 11, 19, 2.46),
(111, 1, 11, 1, 12.44),
(112, 1, 11, 17, 9.24),
(113, 1, 11, 9, 123.96),
(114, 1, 11, 2, 96.83),
(115, 1, 11, 14, 70.45),
(116, 1, 11, 14, 32.5),
(117, 1, 11, 5, 138.56),
(118, 1, 11, 5, 43.52),
(119, 1, 11, 14, 128.24),
(120, 1, 11, 15, 37.61),
(121, 1, 11, 8, 97.84),
(122, 1, 11, 2, 141.72),
(123, 1, 11, 4, 164.46),
(124, 1, 11, 10, 113.9),
(125, 1, 11, 18, 19.81),
(126, 1, 11, 8, 126.34),
(127, 1, 11, 11, 46.99),
(128, 1, 11, 6, 51.82),
(129, 1, 11, 16, 50.71),
(130, 1, 11, 10, 5.11),
(131, 1, 11, 7, 106.01),
(132, 1, 11, 12, 32.15),
(133, 1, 11, 13, 129.63),
(134, 1, 11, 16, 92.9),
(135, 1, 11, 6, 59.24),
(136, 1, 11, 12, 5.41),
(137, 1, 11, 14, 33.46),
(138, 1, 11, 13, 74.29),
(139, 1, 11, 15, 7.42),
(140, 1, 11, 10, 127.64),
(141, 1, 11, 10, 139.99),
(142, 1, 11, 7, 136.39),
(143, 1, 11, 13, 120.17),
(144, 1, 11, 6, 55.26),
(145, 1, 11, 8, 36.29),
(146, 1, 11, 13, 115.95),
(147, 1, 11, 2, 25.89),
(148, 1, 11, 12, 141.35),
(149, 1, 11, 8, 42.4),
(150, 1, 11, 20, 40.68),
(151, 1, 11, 12, 103.12),
(152, 1, 11, 2, 139.05),
(153, 1, 11, 8, 73.15),
(154, 1, 11, 15, 36.78),
(155, 1, 11, 18, 110.01),
(156, 1, 11, 13, 62.07),
(157, 1, 11, 2, 76.26),
(158, 1, 11, 1, 103.77),
(159, 1, 11, 15, 165.83),
(160, 1, 11, 7, 39.82),
(161, 1, 11, 6, 97.49),
(162, 1, 11, 5, 130.11),
(163, 1, 11, 10, 163.83),
(164, 1, 11, 14, 110.01),
(165, 1, 11, 9, 84.45),
(166, 1, 11, 9, 24.68),
(167, 1, 11, 13, 70.35),
(168, 1, 11, 10, 159.72),
(169, 1, 11, 11, 86.69),
(170, 1, 11, 2, 61.64),
(171, 1, 11, 9, 64.36),
(172, 1, 11, 3, 44.72),
(173, 1, 11, 14, 87.43),
(174, 1, 11, 11, 105.63),
(175, 1, 11, 14, 64.96),
(176, 1, 11, 4, 102.91),
(177, 1, 11, 3, 1.32),
(178, 1, 11, 6, 161.08),
(179, 1, 11, 8, 165.56),
(180, 1, 11, 3, 5.27),
(181, 1, 11, 5, 78.89),
(182, 1, 11, 5, 93.14),
(183, 1, 11, 16, 26.57),
(184, 1, 11, 11, 38.22),
(1, 2, 1, 10, 114.89),
(2, 2, 1, 20, 111.33),
(3, 2, 1, 14, 131.24),
(4, 2, 1, 18, 33.68),
(5, 2, 1, 11, 73.9),
(6, 2, 1, 9, 77.58),
(7, 2, 1, 1, 56.24),
(8, 2, 1, 4, 21.13),
(9, 2, 1, 2, 95.99),
(10, 2, 1, 18, 36.64),
(11, 2, 1, 19, 119.58),
(12, 2, 1, 17, 121.08),
(13, 2, 1, 14, 112.68),
(14, 2, 1, 10, 76.33),
(15, 2, 1, 10, 117.11),
(16, 2, 11, 11, 75.52),
(17, 2, 11, 2, 97.89),
(18, 2, 11, 16, 8.5),
(19, 2, 11, 6, 152.62),
(20, 2, 11, 11, 36.02),
(21, 2, 11, 13, 144.83),
(22, 2, 11, 13, 48.3),
(23, 2, 11, 20, 133.79),
(24, 2, 11, 8, 111.67),
(25, 2, 11, 17, 25.57),
(26, 2, 11, 9, 9.51),
(27, 2, 11, 2, 6.2),
(28, 2, 11, 6, 35.52),
(29, 2, 11, 13, 159.37),
(30, 2, 11, 1, 83.41),
(31, 2, 11, 6, 7.52),
(32, 2, 11, 11, 24.85),
(33, 2, 11, 5, 71.62),
(34, 2, 11, 9, 96.89),
(35, 2, 11, 2, 84.92),
(36, 2, 11, 13, 153.22),
(37, 2, 11, 4, 5.7),
(38, 2, 11, 6, 86.91),
(39, 2, 11, 20, 131.9),
(40, 2, 11, 20, 116.25),
(41, 2, 11, 20, 149.59),
(42, 2, 11, 6, 54.77),
(43, 2, 11, 15, 14.69),
(44, 2, 11, 5, 105.44),
(45, 2, 11, 10, 32.61),
(46, 2, 11, 5, 15.79),
(47, 2, 11, 15, 77.67),
(48, 2, 11, 9, 63.57),
(49, 2, 11, 5, 133.55),
(50, 2, 11, 9, 118.13),
(51, 2, 11, 7, 153.07),
(52, 2, 11, 13, 162.66),
(53, 2, 11, 5, 151.06),
(54, 2, 11, 13, 127.91),
(55, 2, 11, 17, 134.06),
(56, 2, 11, 2, 166.33),
(57, 2, 11, 20, 64.98),
(58, 2, 11, 4, 110.31),
(59, 2, 11, 19, 113.3),
(60, 2, 11, 20, 150.91),
(61, 2, 11, 6, 144.3),
(62, 2, 11, 18, 100.67),
(63, 2, 11, 6, 54.45),
(64, 2, 11, 13, 120.19),
(65, 2, 11, 5, 164.95),
(66, 2, 11, 19, 43.33),
(67, 2, 11, 8, 96.47),
(68, 2, 11, 18, 78.65),
(69, 2, 11, 1, 160.97),
(70, 2, 11, 2, 45.34),
(71, 2, 11, 12, 147.93),
(72, 2, 11, 17, 98.18),
(73, 2, 11, 9, 23.97),
(74, 2, 11, 15, 167.14),
(75, 2, 11, 14, 147.11),
(76, 2, 11, 2, 18.17),
(77, 2, 11, 2, 92.73),
(78, 2, 11, 19, 25.07),
(79, 2, 11, 7, 131.47),
(80, 2, 11, 8, 80.22),
(81, 2, 11, 7, 146.33),
(82, 2, 11, 4, 29.8),
(83, 2, 11, 8, 113.59),
(84, 2, 11, 7, 159.68),
(85, 2, 11, 20, 61.75),
(86, 2, 11, 6, 132.04),
(87, 2, 11, 4, 168.23),
(88, 2, 11, 15, 53.53),
(89, 2, 11, 10, 6.6),
(90, 2, 11, 13, 131.47),
(91, 2, 11, 4, 54.77),
(92, 2, 11, 13, 148.42),
(93, 2, 2, 19, 100.28),
(94, 2, 2, 15, 16.8),
(95, 2, 2, 16, 38.91),
(96, 2, 2, 5, 61.81),
(97, 2, 2, 17, 6.92),
(98, 2, 2, 14, 46.28),
(99, 2, 2, 13, 31.94),
(100, 2, 2, 8, 64.55),
(101, 2, 2, 14, 78.23),
(102, 2, 2, 7, 25.66),
(103, 2, 2, 17, 19.2),
(104, 2, 2, 16, 94.68),
(105, 2, 2, 4, 38.1),
(106, 2, 2, 7, 7.86),
(107, 2, 2, 17, 78.51),
(108, 2, 11, 10, 46.83),
(109, 2, 11, 5, 55.88),
(110, 2, 11, 17, 75.78),
(111, 2, 11, 20, 92.87),
(112, 2, 11, 4, 75.69),
(113, 2, 11, 16, 152.02),
(114, 2, 11, 18, 35.48),
(115, 2, 11, 20, 164.28),
(116, 2, 11, 5, 115.77),
(117, 2, 11, 4, 8.41),
(118, 2, 11, 10, 16.69),
(119, 2, 11, 20, 0.86),
(120, 2, 11, 8, 27.6),
(121, 2, 11, 12, 93.07),
(122, 2, 11, 13, 124.84),
(123, 2, 11, 17, 45.99),
(124, 2, 11, 2, 160.4),
(125, 2, 11, 12, 146.3),
(126, 2, 11, 1, 55.77),
(127, 2, 11, 19, 10.8),
(128, 2, 11, 12, 157.89),
(129, 2, 11, 19, 158.01),
(130, 2, 11, 17, 16.59),
(131, 2, 11, 8, 36.65),
(132, 2, 11, 10, 112.37),
(133, 2, 11, 7, 100.32),
(134, 2, 11, 1, 75.28),
(135, 2, 11, 4, 11.58),
(136, 2, 11, 18, 64.84),
(137, 2, 11, 10, 138.76),
(138, 2, 11, 3, 22.26),
(139, 2, 11, 12, 114.77),
(140, 2, 11, 5, 73.8),
(141, 2, 11, 7, 164.5),
(142, 2, 11, 5, 88.35),
(143, 2, 11, 12, 30.15),
(144, 2, 11, 10, 8.22),
(145, 2, 11, 6, 56.42),
(146, 2, 11, 18, 18.8),
(147, 2, 11, 4, 141.29),
(148, 2, 11, 2, 100.6),
(149, 2, 11, 4, 111.19),
(150, 2, 11, 11, 82.57),
(151, 2, 11, 13, 25.08),
(152, 2, 11, 8, 68.02),
(153, 2, 11, 8, 125.78),
(154, 2, 11, 1, 150.16),
(155, 2, 11, 19, 78.58),
(156, 2, 11, 5, 125.67),
(157, 2, 11, 9, 43.04),
(158, 2, 11, 13, 56.59),
(159, 2, 11, 17, 97.81),
(160, 2, 11, 18, 38.01),
(161, 2, 11, 19, 157.15),
(162, 2, 11, 13, 106.41),
(163, 2, 11, 3, 25.51),
(164, 2, 11, 4, 82.6),
(165, 2, 11, 10, 123.43),
(166, 2, 11, 4, 30.65),
(167, 2, 11, 5, 80.53),
(168, 2, 11, 17, 28.19),
(169, 2, 11, 18, 38.37),
(170, 2, 11, 3, 14.04),
(171, 2, 11, 2, 84.48),
(172, 2, 11, 1, 14.04),
(173, 2, 11, 19, 40.85),
(174, 2, 11, 10, 74.47),
(175, 2, 11, 5, 13.6),
(176, 2, 11, 5, 119.51),
(177, 2, 11, 16, 124.7),
(178, 2, 11, 7, 160.65),
(179, 2, 11, 7, 85.92),
(180, 2, 11, 7, 144.86),
(181, 2, 11, 8, 162.43),
(182, 2, 11, 6, 123.1),
(183, 2, 11, 15, 45.63),
(184, 2, 11, 18, 110.38),
(1, 3, 1, 7, 112.21),
(2, 3, 1, 15, 52.3),
(3, 3, 1, 5, 8.61),
(4, 3, 1, 15, 97.31),
(5, 3, 1, 16, 50.18),
(6, 3, 1, 9, 85.99),
(7, 3, 1, 14, 42.18),
(8, 3, 1, 17, 8.79),
(9, 3, 1, 20, 73.58),
(10, 3, 1, 13, 69.45),
(11, 3, 1, 6, 113.19),
(12, 3, 1, 14, 59.62),
(13, 3, 1, 16, 68.43),
(14, 3, 1, 18, 20.76),
(15, 3, 1, 3, 11.98),
(16, 3, 11, 13, 96.81),
(17, 3, 11, 12, 101.61),
(18, 3, 11, 18, 91.77),
(19, 3, 11, 17, 133.25),
(20, 3, 11, 5, 45.51),
(21, 3, 11, 17, 118.09),
(22, 3, 11, 10, 140.96),
(23, 3, 11, 6, 130.03),
(24, 3, 11, 9, 28.77),
(25, 3, 11, 16, 144.06),
(26, 3, 11, 20, 46.05),
(27, 3, 11, 15, 57.08),
(28, 3, 11, 2, 114.64),
(29, 3, 11, 19, 132.01),
(30, 3, 11, 12, 84.46),
(31, 3, 11, 18, 116.82),
(32, 3, 11, 3, 90.77),
(33, 3, 11, 14, 64.94),
(34, 3, 11, 16, 43.25),
(35, 3, 11, 14, 10.13),
(36, 3, 11, 10, 111.35),
(37, 3, 11, 17, 85.79),
(38, 3, 11, 8, 56.24),
(39, 3, 11, 13, 16.35),
(40, 3, 11, 14, 34.35),
(41, 3, 11, 10, 162.06),
(42, 3, 11, 5, 131.32),
(43, 3, 11, 9, 87.54),
(44, 3, 11, 13, 152.91),
(45, 3, 11, 6, 130.7),
(46, 3, 11, 3, 47.1),
(47, 3, 11, 19, 116.06),
(48, 3, 11, 8, 143.9),
(49, 3, 11, 19, 48.76),
(50, 3, 11, 10, 29.77),
(51, 3, 11, 19, 36.83),
(52, 3, 11, 10, 2.85),
(53, 3, 11, 18, 2.99),
(54, 3, 11, 16, 139.68),
(55, 3, 11, 17, 38.62),
(56, 3, 11, 14, 108.07),
(57, 3, 11, 8, 147.66),
(58, 3, 11, 20, 126.75),
(59, 3, 11, 16, 25.58),
(60, 3, 11, 13, 13.81),
(61, 3, 11, 8, 19.3),
(62, 3, 11, 2, 114.3),
(63, 3, 11, 3, 67.81),
(64, 3, 11, 12, 129.06),
(65, 3, 11, 9, 18.02),
(66, 3, 11, 12, 69.82),
(67, 3, 11, 4, 117.22),
(68, 3, 11, 5, 134.74),
(69, 3, 11, 8, 161.92),
(70, 3, 11, 10, 160.35),
(71, 3, 11, 15, 124.66),
(72, 3, 11, 7, 103.55),
(73, 3, 11, 3, 61.33),
(74, 3, 11, 3, 167.76),
(75, 3, 11, 1, 124.79),
(76, 3, 11, 1, 113.84),
(77, 3, 11, 2, 119.69),
(78, 3, 11, 8, 42.43),
(79, 3, 11, 10, 101.06),
(80, 3, 11, 7, 90.26),
(81, 3, 11, 6, 11.97),
(82, 3, 11, 13, 113.42),
(83, 3, 11, 14, 81.42),
(84, 3, 11, 3, 6.81),
(85, 3, 11, 3, 118.52),
(86, 3, 11, 12, 46.68),
(87, 3, 11, 5, 104.73),
(88, 3, 11, 11, 127.76),
(89, 3, 11, 7, 12.42),
(90, 3, 11, 1, 2.58),
(91, 3, 11, 10, 22.77),
(92, 3, 11, 4, 150.03),
(93, 3, 2, 11, 80.63),
(94, 3, 2, 2, 78.39),
(95, 3, 2, 4, 33.09),
(96, 3, 2, 18, 69.98),
(97, 3, 2, 2, 85.8),
(98, 3, 2, 14, 2.17),
(99, 3, 2, 5, 88.64),
(100, 3, 2, 5, 10.74),
(101, 3, 2, 13, 91.91),
(102, 3, 2, 18, 8.57),
(103, 3, 2, 13, 29.47),
(104, 3, 2, 8, 66.64),
(105, 3, 2, 7, 94.72),
(106, 3, 2, 6, 66.41),
(107, 3, 2, 7, 63.32),
(108, 3, 11, 18, 98.99),
(109, 3, 11, 17, 168.04),
(110, 3, 11, 11, 94.43),
(111, 3, 11, 16, 69.87),
(112, 3, 11, 4, 41.18),
(113, 3, 11, 16, 56.8),
(114, 3, 11, 8, 130.41),
(115, 3, 11, 4, 150.06),
(116, 3, 11, 20, 124.05),
(117, 3, 11, 13, 121.95),
(118, 3, 11, 13, 115.67),
(119, 3, 11, 17, 71.61),
(120, 3, 11, 3, 135.47),
(121, 3, 11, 9, 44.44),
(122, 3, 11, 19, 160.98),
(123, 3, 11, 15, 99.2),
(124, 3, 11, 20, 90.9),
(125, 3, 11, 20, 98.15),
(126, 3, 11, 12, 46.36),
(127, 3, 11, 8, 148.6),
(128, 3, 11, 19, 19.64),
(129, 3, 11, 7, 56.57),
(130, 3, 11, 7, 131.5),
(131, 3, 11, 18, 150.44),
(132, 3, 11, 5, 88.7),
(133, 3, 11, 6, 137.27),
(134, 3, 11, 9, 13.18),
(135, 3, 11, 19, 160.45),
(136, 3, 11, 13, 156.76),
(137, 3, 11, 18, 15.2),
(138, 3, 11, 11, 159.76),
(139, 3, 11, 19, 14.83),
(140, 3, 11, 20, 110.06),
(141, 3, 11, 7, 112.04),
(142, 3, 11, 1, 63.19),
(143, 3, 11, 9, 26.1),
(144, 3, 11, 7, 153.27),
(145, 3, 11, 9, 73.06),
(146, 3, 11, 16, 41.89),
(147, 3, 11, 20, 148.22),
(148, 3, 11, 15, 33.84),
(149, 3, 11, 8, 98.2),
(150, 3, 11, 20, 147.06),
(151, 3, 11, 16, 30.32),
(152, 3, 11, 19, 57.24),
(153, 3, 11, 8, 163.14),
(154, 3, 11, 16, 6.94),
(155, 3, 11, 15, 33.37),
(156, 3, 11, 19, 107.24),
(157, 3, 11, 18, 127.52),
(158, 3, 11, 15, 65.19),
(159, 3, 11, 7, 92.01),
(160, 3, 11, 18, 60.54),
(161, 3, 11, 11, 54.48),
(162, 3, 11, 19, 157.65),
(163, 3, 11, 6, 139.74),
(164, 3, 11, 2, 74.54),
(165, 3, 11, 4, 65.41),
(166, 3, 11, 5, 159.28),
(167, 3, 11, 1, 69.29),
(168, 3, 11, 8, 72.47),
(169, 3, 11, 19, 67.99),
(170, 3, 11, 11, 166.34),
(171, 3, 11, 11, 73.29),
(172, 3, 11, 13, 115.7),
(173, 3, 11, 1, 33.43),
(174, 3, 11, 12, 135.57),
(175, 3, 11, 12, 61.15),
(176, 3, 11, 9, 57.2),
(177, 3, 11, 7, 5.69),
(178, 3, 11, 3, 98.85),
(179, 3, 11, 4, 48.91),
(180, 3, 11, 18, 95.56),
(181, 3, 11, 8, 42.46),
(182, 3, 11, 11, 152.8),
(183, 3, 11, 6, 2.57),
(184, 3, 11, 19, 20.42),
(1, 4, 1, 12, 49.55),
(2, 4, 1, 9, 41.23),
(3, 4, 1, 18, 56.89),
(4, 4, 1, 15, 111.61),
(5, 4, 1, 19, 97.66),
(6, 4, 1, 1, 132.72),
(7, 4, 1, 9, 78.45),
(8, 4, 1, 4, 101.58),
(9, 4, 1, 13, 91.2),
(10, 4, 1, 3, 5.9),
(11, 4, 1, 14, 18.59),
(12, 4, 1, 18, 89.94),
(13, 4, 1, 3, 114.95),
(14, 4, 1, 3, 112.38),
(15, 4, 1, 11, 92.44),
(16, 4, 11, 20, 22.88),
(17, 4, 11, 5, 130.6),
(18, 4, 11, 18, 95.18),
(19, 4, 11, 4, 76.47),
(20, 4, 11, 12, 126.86),
(21, 4, 11, 14, 20.29),
(22, 4, 11, 7, 10.54),
(23, 4, 11, 15, 106.76),
(24, 4, 11, 15, 106.06),
(25, 4, 11, 15, 23.86),
(26, 4, 11, 10, 19.23),
(27, 4, 11, 18, 90.5),
(28, 4, 11, 5, 45.69),
(29, 4, 11, 4, 147.93),
(30, 4, 11, 20, 62.58),
(31, 4, 11, 9, 20.98),
(32, 4, 11, 11, 52.26),
(33, 4, 11, 13, 97.58),
(34, 4, 11, 8, 66.93),
(35, 4, 11, 6, 156.98),
(36, 4, 11, 3, 152.33),
(37, 4, 11, 4, 30.22),
(38, 4, 11, 7, 101.53),
(39, 4, 11, 5, 158.65),
(40, 4, 11, 19, 139.26),
(41, 4, 11, 11, 160.11),
(42, 4, 11, 18, 91.22),
(43, 4, 11, 12, 7.41),
(44, 4, 11, 8, 64.4),
(45, 4, 11, 3, 64.05),
(46, 4, 11, 12, 130),
(47, 4, 11, 8, 151.54),
(48, 4, 11, 5, 91.46),
(49, 4, 11, 11, 61.7),
(50, 4, 11, 5, 124.55),
(51, 4, 11, 17, 82.94),
(52, 4, 11, 3, 76.71),
(53, 4, 11, 7, 151.37),
(54, 4, 11, 2, 155.99),
(55, 4, 11, 2, 167.06),
(56, 4, 11, 2, 36.33),
(57, 4, 11, 15, 2.12),
(58, 4, 11, 20, 38.93),
(59, 4, 11, 1, 135.11),
(60, 4, 11, 12, 149.07),
(61, 4, 11, 15, 2.11),
(62, 4, 11, 16, 105.66),
(63, 4, 11, 14, 28.73),
(64, 4, 11, 14, 79.38),
(65, 4, 11, 15, 113.42),
(66, 4, 11, 6, 67.13),
(67, 4, 11, 8, 1.69),
(68, 4, 11, 3, 56.36),
(69, 4, 11, 19, 94.26),
(70, 4, 11, 12, 91.06),
(71, 4, 11, 1, 145.33),
(72, 4, 11, 11, 120.34),
(73, 4, 11, 14, 67.7),
(74, 4, 11, 6, 135.26),
(75, 4, 11, 9, 83.7),
(76, 4, 11, 15, 81.65),
(77, 4, 11, 4, 163.85),
(78, 4, 11, 16, 146.15),
(79, 4, 11, 12, 89.29),
(80, 4, 11, 16, 26.08),
(81, 4, 11, 14, 164.49),
(82, 4, 11, 3, 61.73),
(83, 4, 11, 17, 113.91),
(84, 4, 11, 3, 53.44),
(85, 4, 11, 2, 160.46),
(86, 4, 11, 2, 78.28),
(87, 4, 11, 6, 44.86),
(88, 4, 11, 10, 58.41),
(89, 4, 11, 6, 68.51),
(90, 4, 11, 20, 114.32),
(91, 4, 11, 7, 3.28),
(92, 4, 11, 3, 60.59),
(93, 4, 2, 20, 21.18),
(94, 4, 2, 15, 97.09),
(95, 4, 2, 15, 5.3),
(96, 4, 2, 13, 41.92),
(97, 4, 2, 11, 23.18),
(98, 4, 2, 20, 2.19),
(99, 4, 2, 13, 14.73),
(100, 4, 2, 12, 97.77),
(101, 4, 2, 15, 22.81),
(102, 4, 2, 8, 93.74),
(103, 4, 2, 19, 26.4),
(104, 4, 2, 14, 57.13),
(105, 4, 2, 10, 100.42),
(106, 4, 2, 16, 90.37),
(107, 4, 2, 1, 31.01),
(108, 4, 11, 3, 137.79),
(109, 4, 11, 10, 125.11),
(110, 4, 11, 10, 66.56),
(111, 4, 11, 12, 25.68),
(112, 4, 11, 2, 97.87),
(113, 4, 11, 8, 127.36),
(114, 4, 11, 4, 81.03),
(115, 4, 11, 15, 140.32),
(116, 4, 11, 18, 147.16),
(117, 4, 11, 18, 109.03),
(118, 4, 11, 10, 120.61),
(119, 4, 11, 10, 122.96),
(120, 4, 11, 20, 148.68),
(121, 4, 11, 13, 53.12),
(122, 4, 11, 13, 103.05),
(123, 4, 11, 8, 24.25),
(124, 4, 11, 10, 151.36),
(125, 4, 11, 8, 129.05),
(126, 4, 11, 14, 147.58),
(127, 4, 11, 8, 87.6),
(128, 4, 11, 9, 0.17),
(129, 4, 11, 4, 124.8),
(130, 4, 11, 1, 157.01),
(131, 4, 11, 12, 155.84),
(132, 4, 11, 18, 36.66),
(133, 4, 11, 12, 157.93),
(134, 4, 11, 5, 51.46),
(135, 4, 11, 10, 85.87),
(136, 4, 11, 12, 66.5),
(137, 4, 11, 17, 97.28),
(138, 4, 11, 16, 24.53),
(139, 4, 11, 17, 13.8),
(140, 4, 11, 17, 0.71),
(141, 4, 11, 19, 50.25),
(142, 4, 11, 16, 136.36),
(143, 4, 11, 20, 138.69),
(144, 4, 11, 5, 13.61),
(145, 4, 11, 3, 111.16),
(146, 4, 11, 11, 123.43),
(147, 4, 11, 8, 138.01),
(148, 4, 11, 12, 81.91),
(149, 4, 11, 8, 61.61),
(150, 4, 11, 1, 155.61),
(151, 4, 11, 1, 113.67),
(152, 4, 11, 13, 162.05),
(153, 4, 11, 19, 44.83),
(154, 4, 11, 12, 132.61),
(155, 4, 11, 19, 108.2),
(156, 4, 11, 4, 149.49),
(157, 4, 11, 13, 128.1),
(158, 4, 11, 4, 92.86),
(159, 4, 11, 12, 57.1),
(160, 4, 11, 13, 133.81),
(161, 4, 11, 2, 109.38),
(162, 4, 11, 9, 166.33),
(163, 4, 11, 7, 115.89),
(164, 4, 11, 11, 106.13),
(165, 4, 11, 8, 7.64),
(166, 4, 11, 7, 153.1),
(167, 4, 11, 8, 164.98),
(168, 4, 11, 8, 156.72),
(169, 4, 11, 17, 75),
(170, 4, 11, 10, 138.58),
(171, 4, 11, 6, 34.09),
(172, 4, 11, 18, 12.95),
(173, 4, 11, 13, 28.42),
(174, 4, 11, 1, 137.06),
(175, 4, 11, 17, 106.99),
(176, 4, 11, 3, 140.41),
(177, 4, 11, 3, 13.41),
(178, 4, 11, 14, 115.45),
(179, 4, 11, 12, 109.44),
(180, 4, 11, 8, 13.29),
(181, 4, 11, 1, 89.19),
(182, 4, 11, 19, 59.33),
(183, 4, 11, 1, 136.39),
(184, 4, 11, 18, 145.04),
(1, 5, 11, 19, 27.26),
(2, 5, 11, 12, 23.54),
(3, 5, 11, 8, 9.11),
(4, 5, 11, 2, 30.52),
(5, 5, 11, 6, 17.3),
(6, 5, 11, 8, 18.53),
(7, 5, 11, 11, 46.53),
(8, 5, 11, 20, 37.05),
(9, 5, 11, 10, 46.8),
(10, 5, 11, 8, 6.57),
(11, 5, 11, 5, 8.94),
(12, 5, 11, 14, 16.58),
(13, 5, 11, 20, 9.85),
(14, 5, 11, 17, 0.5),
(15, 5, 11, 13, 47.32),
(16, 5, 11, 10, 7.93),
(17, 5, 11, 3, 45.79),
(18, 5, 11, 19, 4.03),
(19, 5, 11, 16, 34.6),
(20, 5, 11, 16, 48.79),
(21, 5, 11, 17, 22.4),
(22, 5, 11, 8, 6.38),
(23, 5, 11, 19, 34.95),
(24, 5, 11, 14, 5.04),
(25, 5, 11, 13, 11.34),
(26, 5, 11, 15, 38.14),
(27, 5, 11, 7, 1.41),
(28, 5, 11, 11, 0.25),
(29, 5, 11, 4, 40.9),
(30, 5, 11, 6, 43.47),
(31, 5, 11, 20, 24.66),
(32, 5, 11, 15, 24.41),
(33, 5, 11, 13, 7.88),
(34, 5, 11, 17, 11.59),
(35, 5, 11, 9, 17.41),
(36, 5, 11, 18, 27.79),
(37, 5, 11, 1, 33.55),
(38, 5, 11, 18, 41.41),
(39, 5, 11, 7, 32.92),
(40, 5, 11, 19, 44.25),
(41, 5, 3, 17, 15.37),
(42, 5, 3, 20, 24.86),
(43, 5, 3, 2, 30.03),
(44, 5, 3, 3, 33.3),
(45, 5, 3, 18, 6.1),
(46, 5, 3, 4, 32.47),
(47, 5, 3, 6, 43.1),
(48, 5, 3, 5, 39.69),
(49, 5, 11, 10, 16.88),
(50, 5, 11, 10, 45.84),
(51, 5, 11, 10, 15.8),
(52, 5, 11, 20, 44.06),
(53, 5, 11, 5, 46.63),
(54, 5, 11, 14, 22.69),
(55, 5, 11, 8, 10.16),
(56, 5, 11, 18, 34.21),
(57, 5, 11, 15, 27.71),
(58, 5, 11, 5, 23.19),
(59, 5, 11, 8, 35.8),
(60, 5, 11, 6, 39.51),
(61, 5, 11, 17, 28.82),
(62, 5, 11, 10, 5.51),
(63, 5, 11, 18, 38.46),
(64, 5, 11, 16, 30.62),
(65, 5, 11, 12, 29.12),
(66, 5, 11, 2, 25.72),
(67, 5, 11, 8, 27.44),
(68, 5, 11, 12, 32.82),
(69, 5, 11, 20, 38.85),
(70, 5, 11, 4, 38.03),
(71, 5, 11, 18, 38.64),
(72, 5, 11, 10, 6.83),
(73, 5, 11, 17, 36.71),
(74, 5, 11, 9, 48.04),
(75, 5, 11, 12, 38.18),
(76, 5, 11, 15, 33.58),
(77, 5, 11, 10, 13.33),
(78, 5, 11, 3, 39.32),
(79, 5, 11, 4, 4.89),
(80, 5, 11, 13, 23.24),
(81, 5, 11, 17, 26.5),
(82, 5, 11, 7, 42.53),
(83, 5, 11, 9, 22.14),
(84, 5, 11, 15, 26.27),
(85, 5, 11, 12, 42.67),
(86, 5, 11, 16, 30.28),
(87, 5, 11, 18, 25.14),
(88, 5, 11, 4, 32.84),
(89, 5, 11, 17, 21.77),
(90, 5, 11, 11, 38.36),
(91, 5, 11, 2, 22.49),
(92, 5, 11, 15, 43.46),
(93, 5, 11, 20, 46.48),
(94, 5, 11, 19, 19.97),
(95, 5, 11, 20, 14.18),
(96, 5, 11, 15, 33.06),
(97, 5, 11, 11, 1.43),
(98, 5, 11, 9, 36.29),
(99, 5, 11, 1, 20.01),
(100, 5, 11, 15, 25.25),
(101, 5, 11, 3, 48.63),
(102, 5, 11, 17, 18.38),
(103, 5, 4, 9, 22.08),
(104, 5, 4, 2, 31.79),
(105, 5, 4, 2, 37.19),
(106, 5, 4, 2, 31.35),
(107, 5, 4, 10, 42.05),
(108, 5, 4, 17, 41.17),
(109, 5, 4, 6, 8.62),
(110, 5, 4, 14, 7.29),
(111, 5, 11, 7, 13.56),
(112, 5, 11, 9, 43.26),
(113, 5, 11, 19, 19.29),
(114, 5, 11, 3, 43.78),
(115, 5, 11, 7, 28.54),
(116, 5, 11, 14, 23.16),
(117, 5, 11, 7, 39.32),
(118, 5, 11, 15, 10.67),
(119, 5, 11, 1, 43.71),
(120, 5, 11, 8, 48.08),
(121, 5, 11, 19, 1.66),
(122, 5, 11, 10, 46.38),
(123, 5, 11, 11, 19.08),
(124, 5, 11, 8, 37.36),
(125, 5, 11, 9, 28.28),
(126, 5, 11, 1, 12.95),
(127, 5, 11, 14, 23.4),
(128, 5, 11, 9, 32.93),
(129, 5, 11, 15, 28.39),
(130, 5, 11, 8, 6.35),
(131, 5, 11, 18, 7.72),
(132, 5, 11, 14, 14.56),
(133, 5, 11, 10, 31.43),
(134, 5, 11, 7, 24.21),
(135, 5, 11, 2, 42.79),
(136, 5, 11, 19, 43.05),
(137, 5, 11, 4, 45.52),
(138, 5, 11, 17, 14.02),
(139, 5, 11, 2, 19.16),
(140, 5, 11, 4, 10.15),
(141, 5, 11, 16, 4.84),
(142, 5, 11, 19, 0.94),
(143, 5, 11, 6, 25.76),
(144, 5, 11, 18, 37.62),
(145, 5, 11, 1, 15.55),
(146, 5, 11, 4, 1.5),
(147, 5, 11, 1, 43.87),
(148, 5, 11, 1, 31.58),
(149, 5, 11, 14, 13.9),
(150, 5, 11, 1, 16),
(151, 5, 11, 12, 27.66),
(152, 5, 11, 10, 23.16),
(153, 5, 11, 10, 30.34),
(154, 5, 11, 17, 9.88),
(155, 5, 11, 1, 15.51),
(156, 5, 11, 4, 34.95),
(157, 5, 11, 15, 1.5),
(158, 5, 11, 13, 4.28),
(159, 5, 11, 6, 41.24),
(160, 5, 11, 5, 40.28),
(161, 5, 11, 13, 46.38),
(162, 5, 11, 19, 14.33),
(163, 5, 11, 10, 17.55),
(164, 5, 11, 20, 47.78),
(165, 5, 11, 7, 34.72),
(166, 5, 11, 19, 11.75),
(167, 5, 11, 18, 20.14),
(168, 5, 11, 13, 42.32),
(169, 5, 11, 9, 10.85),
(170, 5, 11, 14, 33.02),
(171, 5, 11, 3, 23.1),
(172, 5, 11, 10, 47.85),
(173, 5, 11, 18, 25.08),
(174, 5, 11, 18, 27.47),
(175, 5, 11, 4, 44.68),
(176, 5, 11, 5, 11.99),
(177, 5, 11, 2, 6.17),
(178, 5, 11, 19, 7.33),
(179, 5, 11, 13, 26.34),
(180, 5, 11, 19, 36.04),
(181, 5, 11, 8, 22.51),
(182, 5, 11, 5, 0.24),
(183, 5, 11, 7, 12.6),
(184, 5, 11, 15, 32.33),
(1, 6, 11, 16, 40.62),
(2, 6, 11, 6, 39.1),
(3, 6, 11, 1, 24.43),
(4, 6, 11, 5, 45.13),
(5, 6, 11, 13, 41.6),
(6, 6, 11, 3, 42.33),
(7, 6, 11, 11, 4.57),
(8, 6, 11, 18, 41.52),
(9, 6, 11, 12, 23.54),
(10, 6, 11, 1, 0.09),
(11, 6, 11, 16, 12.14),
(12, 6, 11, 11, 48.56),
(13, 6, 11, 11, 0.86),
(14, 6, 11, 18, 13.66),
(15, 6, 11, 14, 8.18),
(16, 6, 11, 4, 39.6),
(17, 6, 11, 11, 2.17),
(18, 6, 11, 3, 34.42),
(19, 6, 11, 10, 21.61),
(20, 6, 11, 12, 12.96),
(21, 6, 11, 11, 47.68),
(22, 6, 11, 17, 39.68),
(23, 6, 11, 4, 13.63),
(24, 6, 11, 16, 5.48),
(25, 6, 11, 3, 9.13),
(26, 6, 11, 17, 24.17),
(27, 6, 11, 1, 13.22),
(28, 6, 11, 10, 41.21),
(29, 6, 11, 20, 20.92),
(30, 6, 11, 5, 3.94),
(31, 6, 11, 14, 19.98),
(32, 6, 11, 14, 43.4),
(33, 6, 11, 7, 21.48),
(34, 6, 11, 5, 32.42),
(35, 6, 11, 3, 17.04),
(36, 6, 11, 5, 3.66),
(37, 6, 11, 16, 41.95),
(38, 6, 11, 15, 32.71),
(39, 6, 11, 4, 45.44),
(40, 6, 11, 7, 16.44),
(41, 6, 3, 4, 17.03),
(42, 6, 3, 1, 34.21),
(43, 6, 3, 1, 45.54),
(44, 6, 3, 9, 31.72),
(45, 6, 3, 1, 0.16),
(46, 6, 3, 16, 29.44),
(47, 6, 3, 6, 4.86),
(48, 6, 3, 4, 11.99),
(49, 6, 11, 20, 30.55),
(50, 6, 11, 16, 29.01),
(51, 6, 11, 9, 43.48),
(52, 6, 11, 2, 2.91),
(53, 6, 11, 8, 10.97),
(54, 6, 11, 18, 4.49),
(55, 6, 11, 12, 26.94),
(56, 6, 11, 10, 34.31),
(57, 6, 11, 9, 34.76),
(58, 6, 11, 8, 18.32),
(59, 6, 11, 17, 11.29),
(60, 6, 11, 4, 38.47),
(61, 6, 11, 16, 43.97),
(62, 6, 11, 18, 5.51),
(63, 6, 11, 19, 14.51),
(64, 6, 11, 10, 0.2),
(65, 6, 11, 5, 36.22),
(66, 6, 11, 10, 23.04),
(67, 6, 11, 7, 10.98),
(68, 6, 11, 13, 11.32),
(69, 6, 11, 14, 16.44),
(70, 6, 11, 2, 14.83),
(71, 6, 11, 1, 11.88),
(72, 6, 11, 15, 41.81),
(73, 6, 11, 2, 9.89),
(74, 6, 11, 10, 29.91),
(75, 6, 11, 17, 10.81),
(76, 6, 11, 10, 17.09),
(77, 6, 11, 19, 38.45),
(78, 6, 11, 6, 11.91),
(79, 6, 11, 15, 39.72),
(80, 6, 11, 8, 5.59),
(81, 6, 11, 1, 11.1),
(82, 6, 11, 7, 41.73),
(83, 6, 11, 3, 41.03),
(84, 6, 11, 9, 26.61),
(85, 6, 11, 2, 31.85),
(86, 6, 11, 17, 13.5),
(87, 6, 11, 17, 28.07),
(88, 6, 11, 12, 20.57),
(89, 6, 11, 3, 5.32),
(90, 6, 11, 7, 40.11),
(91, 6, 11, 19, 48.76),
(92, 6, 11, 8, 18.63),
(93, 6, 11, 8, 33.17),
(94, 6, 11, 8, 33.92),
(95, 6, 11, 3, 35.93),
(96, 6, 11, 5, 46.02),
(97, 6, 11, 15, 32.6),
(98, 6, 11, 10, 26.49),
(99, 6, 11, 5, 4.05),
(100, 6, 11, 12, 45.05),
(101, 6, 11, 14, 27.48),
(102, 6, 11, 9, 2.72),
(103, 6, 4, 16, 34.81),
(104, 6, 4, 17, 35.77),
(105, 6, 4, 17, 11.3),
(106, 6, 4, 15, 30.26),
(107, 6, 4, 13, 48.23),
(108, 6, 4, 11, 31),
(109, 6, 4, 16, 18.34),
(110, 6, 4, 10, 9.12),
(111, 6, 11, 3, 26.95),
(112, 6, 11, 13, 12.62),
(113, 6, 11, 6, 11.19),
(114, 6, 11, 4, 21.59),
(115, 6, 11, 2, 7.82),
(116, 6, 11, 7, 18.04),
(117, 6, 11, 7, 25.39),
(118, 6, 11, 5, 8.36),
(119, 6, 11, 7, 36.76),
(120, 6, 11, 14, 43.01),
(121, 6, 11, 1, 32.4),
(122, 6, 11, 5, 44.92),
(123, 6, 11, 11, 37.79),
(124, 6, 11, 2, 5.61),
(125, 6, 11, 4, 10.84),
(126, 6, 11, 20, 47.64),
(127, 6, 11, 19, 13.81),
(128, 6, 11, 8, 32.11),
(129, 6, 11, 3, 32.58),
(130, 6, 11, 20, 4.08),
(131, 6, 11, 4, 18.44),
(132, 6, 11, 11, 39.6),
(133, 6, 11, 1, 15.12),
(134, 6, 11, 8, 2.16),
(135, 6, 11, 10, 44.89),
(136, 6, 11, 6, 4.46),
(137, 6, 11, 15, 37.22),
(138, 6, 11, 1, 11.64),
(139, 6, 11, 10, 7.99),
(140, 6, 11, 6, 39.1),
(141, 6, 11, 15, 47.52),
(142, 6, 11, 11, 37.95),
(143, 6, 11, 18, 32.6),
(144, 6, 11, 12, 38.67),
(145, 6, 11, 14, 38.21),
(146, 6, 11, 20, 43.24),
(147, 6, 11, 11, 47.11),
(148, 6, 11, 13, 42.79),
(149, 6, 11, 10, 20.82),
(150, 6, 11, 19, 41.31),
(151, 6, 11, 14, 42.21),
(152, 6, 11, 16, 34.57),
(153, 6, 11, 13, 44.61),
(154, 6, 11, 2, 10.1),
(155, 6, 11, 5, 15.98),
(156, 6, 11, 11, 21.23),
(157, 6, 11, 3, 23.75),
(158, 6, 11, 11, 39.18),
(159, 6, 11, 1, 1.85),
(160, 6, 11, 18, 44.39),
(161, 6, 11, 15, 48.52),
(162, 6, 11, 8, 45.89),
(163, 6, 11, 18, 36.13),
(164, 6, 11, 5, 24.4),
(165, 6, 11, 20, 41.02),
(166, 6, 11, 12, 2.72),
(167, 6, 11, 1, 27.17),
(168, 6, 11, 10, 18.28),
(169, 6, 11, 3, 22.32),
(170, 6, 11, 8, 30.02),
(171, 6, 11, 8, 28.62),
(172, 6, 11, 12, 0.07),
(173, 6, 11, 5, 0),
(174, 6, 11, 12, 10.81),
(175, 6, 11, 12, 35.03),
(176, 6, 11, 20, 45.27),
(177, 6, 11, 7, 14.76),
(178, 6, 11, 14, 1.97),
(179, 6, 11, 11, 34.71),
(180, 6, 11, 10, 37.66),
(181, 6, 11, 4, 3.42),
(182, 6, 11, 10, 20.6),
(183, 6, 11, 19, 25.76),
(184, 6, 11, 13, 25.28),
(1, 7, 11, 20, 17.13),
(2, 7, 11, 14, 38.7),
(3, 7, 11, 9, 44.4),
(4, 7, 11, 18, 0.72),
(5, 7, 11, 10, 10.81),
(6, 7, 11, 1, 39.01),
(7, 7, 11, 14, 9.6),
(8, 7, 11, 6, 36.61),
(9, 7, 11, 9, 36.85),
(10, 7, 11, 14, 34.19),
(11, 7, 11, 19, 20.85),
(12, 7, 11, 11, 45.6),
(13, 7, 11, 18, 44.5),
(14, 7, 11, 2, 12.68),
(15, 7, 11, 13, 12.05),
(16, 7, 11, 8, 0.13),
(17, 7, 11, 10, 0.52),
(18, 7, 11, 8, 17.53),
(19, 7, 11, 6, 27.62),
(20, 7, 11, 11, 12.1),
(21, 7, 11, 10, 38.67),
(22, 7, 11, 9, 5.77),
(23, 7, 11, 13, 33.08),
(24, 7, 11, 1, 26.3),
(25, 7, 11, 5, 13.55),
(26, 7, 11, 3, 36),
(27, 7, 11, 2, 37.71),
(28, 7, 11, 17, 39.88),
(29, 7, 11, 13, 25.72),
(30, 7, 11, 6, 27.91),
(31, 7, 11, 17, 7.43),
(32, 7, 11, 17, 46.81),
(33, 7, 11, 9, 45.23),
(34, 7, 11, 2, 23.19),
(35, 7, 11, 16, 11.54),
(36, 7, 11, 1, 1.13),
(37, 7, 11, 9, 0.45),
(38, 7, 11, 15, 48.41),
(39, 7, 11, 6, 9.17),
(40, 7, 11, 4, 28.97),
(41, 7, 3, 11, 36.1),
(42, 7, 3, 2, 39.32),
(43, 7, 3, 13, 39.86),
(44, 7, 3, 14, 15.96),
(45, 7, 3, 4, 48.47),
(46, 7, 3, 2, 8.15),
(47, 7, 3, 18, 3.24),
(48, 7, 3, 8, 45.55),
(49, 7, 11, 8, 41.03),
(50, 7, 11, 13, 28.89),
(51, 7, 11, 19, 23.19),
(52, 7, 11, 2, 11.14),
(53, 7, 11, 7, 11.03),
(54, 7, 11, 16, 11.09),
(55, 7, 11, 18, 3.8),
(56, 7, 11, 2, 42.2),
(57, 7, 11, 2, 13.35),
(58, 7, 11, 14, 23.71),
(59, 7, 11, 19, 29.5),
(60, 7, 11, 8, 34.98),
(61, 7, 11, 10, 36.93),
(62, 7, 11, 7, 14.07),
(63, 7, 11, 6, 11.54),
(64, 7, 11, 7, 23.22),
(65, 7, 11, 13, 32.67),
(66, 7, 11, 15, 10.64),
(67, 7, 11, 9, 22.57),
(68, 7, 11, 6, 19.65),
(69, 7, 11, 5, 9.11),
(70, 7, 11, 2, 44.29),
(71, 7, 11, 12, 6.48),
(72, 7, 11, 12, 16.77),
(73, 7, 11, 3, 42.44),
(74, 7, 11, 8, 32.58),
(75, 7, 11, 7, 39.46),
(76, 7, 11, 16, 48.84),
(77, 7, 11, 1, 4.63),
(78, 7, 11, 2, 19.47),
(79, 7, 11, 13, 15.34),
(80, 7, 11, 14, 21.16),
(81, 7, 11, 18, 38.96),
(82, 7, 11, 4, 35.18),
(83, 7, 11, 1, 29.17),
(84, 7, 11, 9, 41.59),
(85, 7, 11, 19, 18.64),
(86, 7, 11, 10, 17.34),
(87, 7, 11, 2, 38.05),
(88, 7, 11, 3, 29.32),
(89, 7, 11, 9, 46.85),
(90, 7, 11, 2, 38.38),
(91, 7, 11, 2, 24.18),
(92, 7, 11, 20, 21.87),
(93, 7, 11, 6, 37.86),
(94, 7, 11, 3, 6.16),
(95, 7, 11, 20, 23.24),
(96, 7, 11, 15, 4.34),
(97, 7, 11, 10, 45.55),
(98, 7, 11, 18, 13.87),
(99, 7, 11, 12, 17.91),
(100, 7, 11, 8, 44.99),
(101, 7, 11, 2, 16.08),
(102, 7, 11, 20, 16.19),
(103, 7, 4, 2, 39.75),
(104, 7, 4, 1, 1.94),
(105, 7, 4, 19, 42.85),
(106, 7, 4, 17, 7.62),
(107, 7, 4, 14, 38.23),
(108, 7, 4, 19, 26.21),
(109, 7, 4, 10, 45.69),
(110, 7, 4, 12, 17.21),
(111, 7, 11, 12, 7.11),
(112, 7, 11, 19, 47.99),
(113, 7, 11, 19, 1.34),
(114, 7, 11, 1, 17.36),
(115, 7, 11, 3, 0.82),
(116, 7, 11, 2, 19.93),
(117, 7, 11, 4, 35.48),
(118, 7, 11, 5, 28.24),
(119, 7, 11, 9, 37.22),
(120, 7, 11, 9, 47.39),
(121, 7, 11, 3, 31.09),
(122, 7, 11, 2, 4.69),
(123, 7, 11, 13, 44.64),
(124, 7, 11, 8, 40.06),
(125, 7, 11, 12, 14.46),
(126, 7, 11, 6, 19.69),
(127, 7, 11, 9, 48.15),
(128, 7, 11, 16, 44.47),
(129, 7, 11, 16, 44.86),
(130, 7, 11, 8, 19.13),
(131, 7, 11, 3, 41.87),
(132, 7, 11, 12, 11.05),
(133, 7, 11, 17, 22.79),
(134, 7, 11, 3, 35.3),
(135, 7, 11, 11, 41.15),
(136, 7, 11, 5, 20.44),
(137, 7, 11, 18, 47.77),
(138, 7, 11, 13, 21.36),
(139, 7, 11, 5, 11.47),
(140, 7, 11, 3, 40.99),
(141, 7, 11, 1, 24.93),
(142, 7, 11, 15, 44.47),
(143, 7, 11, 9, 8.08),
(144, 7, 11, 4, 44.35),
(145, 7, 11, 7, 24.82),
(146, 7, 11, 5, 46.64),
(147, 7, 11, 15, 41),
(148, 7, 11, 3, 34.57),
(149, 7, 11, 1, 25.62),
(150, 7, 11, 15, 3.8),
(151, 7, 11, 6, 35.34),
(152, 7, 11, 7, 26.25),
(153, 7, 11, 9, 32.75),
(154, 7, 11, 2, 37.58),
(155, 7, 11, 20, 34.12),
(156, 7, 11, 7, 36.15),
(157, 7, 11, 17, 18.36),
(158, 7, 11, 5, 21),
(159, 7, 11, 17, 21.5),
(160, 7, 11, 1, 38.02),
(161, 7, 11, 2, 20.1),
(162, 7, 11, 2, 29.49),
(163, 7, 11, 2, 3.1),
(164, 7, 11, 11, 27.67),
(165, 7, 11, 18, 7.17),
(166, 7, 11, 8, 20.01),
(167, 7, 11, 11, 0.67),
(168, 7, 11, 1, 2.28),
(169, 7, 11, 7, 3.55),
(170, 7, 11, 11, 12.56),
(171, 7, 11, 19, 9.98),
(172, 7, 11, 1, 1.01),
(173, 7, 11, 5, 27.51),
(174, 7, 11, 5, 38.85),
(175, 7, 11, 18, 19.95),
(176, 7, 11, 17, 10.82),
(177, 7, 11, 5, 43.41),
(178, 7, 11, 15, 5.27),
(179, 7, 11, 17, 44.06),
(180, 7, 11, 4, 31.52),
(181, 7, 11, 17, 23.68),
(182, 7, 11, 19, 9.11),
(183, 7, 11, 3, 16.97),
(184, 7, 11, 6, 39.2),
(1, 8, 11, 8, 7.18),
(2, 8, 11, 20, 58.12),
(3, 8, 11, 2, 8.55),
(4, 8, 11, 16, 20.81),
(5, 8, 11, 11, 16.54),
(6, 8, 11, 17, 20.61),
(7, 8, 11, 11, 6.57),
(8, 8, 11, 18, 11.01),
(9, 8, 11, 6, 5.32),
(10, 8, 11, 14, 21.44),
(11, 8, 11, 2, 11.78),
(12, 8, 11, 9, 37.1),
(13, 8, 11, 11, 20.74),
(14, 8, 11, 17, 32.11),
(15, 8, 11, 20, 32.74),
(16, 8, 11, 18, 2.77),
(17, 8, 11, 20, 8.01),
(18, 8, 11, 8, 39.88),
(19, 8, 11, 6, 31.73),
(20, 8, 11, 19, 35.5),
(21, 8, 11, 11, 50.91),
(22, 8, 11, 8, 12.7),
(23, 8, 11, 14, 41.62),
(24, 8, 11, 6, 55.14),
(25, 8, 11, 9, 36.82),
(26, 8, 11, 6, 4.04),
(27, 8, 11, 19, 30.27),
(28, 8, 11, 4, 11.41),
(29, 8, 11, 9, 43.29),
(30, 8, 11, 19, 44.38),
(31, 8, 11, 18, 15.62),
(32, 8, 11, 19, 52.5),
(33, 8, 11, 13, 56.13),
(34, 8, 11, 20, 33.02),
(35, 8, 11, 4, 15.18),
(36, 8, 11, 6, 10.66),
(37, 8, 11, 16, 10.48),
(38, 8, 11, 8, 22.13),
(39, 8, 11, 6, 12.87),
(40, 8, 11, 6, 33.72),
(41, 8, 11, 2, 35.16),
(42, 8, 11, 7, 29.58),
(43, 8, 11, 10, 4.21),
(44, 8, 11, 12, 51.34),
(45, 8, 11, 16, 3.67),
(46, 8, 7, 18, 39.22),
(47, 8, 7, 13, 50.58),
(48, 8, 7, 6, 20.64),
(49, 8, 7, 5, 39.61),
(50, 8, 7, 14, 37.82),
(51, 8, 7, 6, 25.24),
(52, 8, 7, 10, 21.11),
(53, 8, 7, 5, 1.11),
(54, 8, 7, 17, 23.93),
(55, 8, 7, 2, 13.06),
(56, 8, 7, 11, 43.97),
(57, 8, 7, 10, 32.13),
(58, 8, 7, 2, 11.38),
(59, 8, 7, 9, 33.45),
(60, 8, 7, 4, 12),
(61, 8, 7, 4, 50.57),
(62, 8, 11, 9, 7.69),
(63, 8, 11, 2, 34.83),
(64, 8, 11, 15, 39.54),
(65, 8, 11, 14, 13.06),
(66, 8, 11, 18, 38.41),
(67, 8, 11, 8, 19.75),
(68, 8, 11, 19, 10.25),
(69, 8, 11, 11, 5.31),
(70, 8, 11, 3, 47.3),
(71, 8, 11, 1, 49.13),
(72, 8, 11, 13, 55.87),
(73, 8, 11, 5, 49.79),
(74, 8, 11, 9, 2.63),
(75, 8, 11, 13, 2.63),
(76, 8, 11, 4, 9.59),
(77, 8, 11, 13, 34.24),
(78, 8, 11, 3, 7.24),
(79, 8, 11, 19, 41.03),
(80, 8, 11, 15, 52.28),
(81, 8, 11, 16, 36.31),
(82, 8, 11, 9, 24.23),
(83, 8, 11, 2, 34),
(84, 8, 11, 6, 22.94),
(85, 8, 11, 3, 16.3),
(86, 8, 11, 8, 30.58),
(87, 8, 11, 15, 17),
(88, 8, 11, 3, 12.79),
(89, 8, 11, 11, 12.21),
(90, 8, 11, 13, 54.97),
(91, 8, 11, 1, 33.6),
(92, 8, 11, 14, 26.9),
(93, 8, 11, 10, 48.53),
(94, 8, 11, 17, 53.28),
(95, 8, 11, 6, 51.62),
(96, 8, 11, 3, 14.64),
(97, 8, 11, 14, 0.67),
(98, 8, 11, 19, 34.94),
(99, 8, 11, 7, 11.95),
(100, 8, 11, 1, 32.8),
(101, 8, 11, 20, 5.24),
(102, 8, 11, 9, 26.96),
(103, 8, 11, 3, 10.21),
(104, 8, 11, 19, 10.6),
(105, 8, 11, 7, 59),
(106, 8, 11, 14, 52.69),
(107, 8, 11, 2, 21.05),
(108, 8, 11, 1, 1.26),
(109, 8, 11, 3, 45.6),
(110, 8, 11, 17, 7.42),
(111, 8, 11, 7, 50.32),
(112, 8, 11, 19, 35.51),
(113, 8, 11, 1, 13.1),
(114, 8, 11, 19, 20.65),
(115, 8, 11, 16, 37.92),
(116, 8, 11, 20, 51.1),
(117, 8, 11, 6, 0.33),
(118, 8, 11, 20, 51.16),
(119, 8, 11, 1, 55.39),
(120, 8, 11, 20, 34.89),
(121, 8, 11, 7, 22.56),
(122, 8, 11, 20, 33.83),
(123, 8, 11, 6, 34.2),
(124, 8, 11, 2, 56.45),
(125, 8, 11, 7, 8.74),
(126, 8, 11, 9, 14.32),
(127, 8, 11, 17, 16.21),
(128, 8, 11, 5, 4.26),
(129, 8, 11, 20, 30.08),
(130, 8, 11, 18, 54.04),
(131, 8, 11, 17, 36.03),
(132, 8, 11, 11, 25.03),
(133, 8, 11, 5, 57.15),
(134, 8, 11, 6, 20.3),
(135, 8, 11, 14, 23.48),
(136, 8, 11, 2, 9.29),
(137, 8, 11, 10, 18.88),
(138, 8, 8, 12, 45.12),
(139, 8, 8, 9, 33.11),
(140, 8, 8, 3, 24.61),
(141, 8, 8, 13, 38.82),
(142, 8, 8, 14, 18.16),
(143, 8, 8, 4, 34.75),
(144, 8, 8, 14, 11.82),
(145, 8, 8, 4, 3.68),
(146, 8, 8, 13, 30.94),
(147, 8, 8, 1, 36.68),
(148, 8, 8, 7, 47.52),
(149, 8, 8, 18, 25.53),
(150, 8, 8, 18, 37.25),
(151, 8, 8, 4, 24.89),
(152, 8, 8, 2, 35),
(153, 8, 8, 1, 11.54),
(154, 8, 11, 3, 56.79),
(155, 8, 11, 4, 12.6),
(156, 8, 11, 17, 34.2),
(157, 8, 11, 15, 1.93),
(158, 8, 11, 16, 31.78),
(159, 8, 11, 17, 53.36),
(160, 8, 11, 8, 48.01),
(161, 8, 11, 19, 21.05),
(162, 8, 11, 20, 17.84),
(163, 8, 11, 9, 32.58),
(164, 8, 11, 1, 45.89),
(165, 8, 11, 1, 15.13),
(166, 8, 11, 7, 45.63),
(167, 8, 11, 1, 53.89),
(168, 8, 11, 11, 50.89),
(169, 8, 11, 11, 33),
(170, 8, 11, 2, 8.67),
(171, 8, 11, 9, 12.18),
(172, 8, 11, 17, 17.61),
(173, 8, 11, 15, 45.38),
(174, 8, 11, 3, 1.03),
(175, 8, 11, 14, 22.86),
(176, 8, 11, 4, 6.07),
(177, 8, 11, 4, 42.57),
(178, 8, 11, 2, 9.93),
(179, 8, 11, 3, 36.97),
(180, 8, 11, 14, 16.66),
(181, 8, 11, 12, 50.87),
(182, 8, 11, 3, 3.99),
(183, 8, 11, 11, 43.85),
(184, 8, 11, 17, 2.13),
(1, 9, 11, 10, 52.4),
(2, 9, 11, 14, 35.08),
(3, 9, 11, 18, 15.98),
(4, 9, 11, 10, 55.02),
(5, 9, 11, 3, 14.36),
(6, 9, 11, 18, 30.37),
(7, 9, 11, 14, 23.54),
(8, 9, 11, 6, 8.8),
(9, 9, 11, 13, 17.93),
(10, 9, 11, 11, 28.71),
(11, 9, 11, 12, 38.17),
(12, 9, 11, 11, 0.14),
(13, 9, 11, 9, 52.64),
(14, 9, 11, 4, 50.72),
(15, 9, 11, 17, 21.1),
(16, 9, 11, 17, 18.01),
(17, 9, 11, 16, 14.76),
(18, 9, 11, 15, 29.99),
(19, 9, 11, 11, 26),
(20, 9, 11, 13, 58.8),
(21, 9, 11, 10, 27.46),
(22, 9, 11, 17, 49.12),
(23, 9, 11, 1, 14.14),
(24, 9, 11, 14, 39.36),
(25, 9, 11, 5, 30.48),
(26, 9, 11, 10, 12.02),
(27, 9, 11, 12, 36.77),
(28, 9, 11, 8, 58.98),
(29, 9, 11, 2, 20.39),
(30, 9, 11, 4, 44.76),
(31, 9, 11, 6, 35.4),
(32, 9, 11, 20, 54.29),
(33, 9, 11, 16, 28.42),
(34, 9, 11, 5, 10.39),
(35, 9, 11, 16, 20.65),
(36, 9, 11, 18, 26.18),
(37, 9, 11, 9, 50.36),
(38, 9, 11, 7, 4.54),
(39, 9, 11, 7, 3.22),
(40, 9, 11, 9, 20.52),
(41, 9, 11, 8, 3.26),
(42, 9, 11, 2, 28.18),
(43, 9, 11, 6, 46.4),
(44, 9, 11, 15, 10.67),
(45, 9, 11, 4, 18.08),
(46, 9, 7, 11, 48.32),
(47, 9, 7, 18, 23.83),
(48, 9, 7, 1, 23.02),
(49, 9, 7, 7, 28.24),
(50, 9, 7, 19, 38.91),
(51, 9, 7, 17, 5.09),
(52, 9, 7, 3, 24.5),
(53, 9, 7, 15, 17.63),
(54, 9, 7, 9, 37.98),
(55, 9, 7, 3, 52.68),
(56, 9, 7, 5, 13.17),
(57, 9, 7, 11, 2.06),
(58, 9, 7, 19, 14.9),
(59, 9, 7, 11, 34.58),
(60, 9, 7, 1, 42.04),
(61, 9, 7, 17, 28.15),
(62, 9, 11, 17, 51.44),
(63, 9, 11, 11, 28.1),
(64, 9, 11, 13, 17.77),
(65, 9, 11, 4, 42.97),
(66, 9, 11, 17, 34.79),
(67, 9, 11, 17, 17.62),
(68, 9, 11, 9, 18.27),
(69, 9, 11, 19, 5.83),
(70, 9, 11, 7, 56.96),
(71, 9, 11, 11, 55.59),
(72, 9, 11, 3, 10.76),
(73, 9, 11, 2, 21.63),
(74, 9, 11, 8, 41.72),
(75, 9, 11, 17, 23.63),
(76, 9, 11, 14, 38.18),
(77, 9, 11, 2, 33.45),
(78, 9, 11, 5, 53.31),
(79, 9, 11, 19, 22.22),
(80, 9, 11, 20, 56.13),
(81, 9, 11, 12, 20.08),
(82, 9, 11, 19, 21.92),
(83, 9, 11, 12, 46.11),
(84, 9, 11, 10, 47.01),
(85, 9, 11, 15, 57.9),
(86, 9, 11, 2, 10.05),
(87, 9, 11, 16, 25.79),
(88, 9, 11, 17, 28.31),
(89, 9, 11, 16, 15.66),
(90, 9, 11, 1, 21.75),
(91, 9, 11, 8, 1.77),
(92, 9, 11, 9, 16.67),
(93, 9, 11, 5, 31.15),
(94, 9, 11, 7, 3.48),
(95, 9, 11, 12, 18.51),
(96, 9, 11, 19, 6.64),
(97, 9, 11, 17, 58.52),
(98, 9, 11, 5, 36.85),
(99, 9, 11, 15, 33.18),
(100, 9, 11, 18, 23.25),
(101, 9, 11, 5, 20.42),
(102, 9, 11, 15, 14.97),
(103, 9, 11, 10, 16.18),
(104, 9, 11, 14, 12.33),
(105, 9, 11, 11, 33.81),
(106, 9, 11, 13, 41.68),
(107, 9, 11, 18, 7.29),
(108, 9, 11, 3, 40.51),
(109, 9, 11, 7, 1.64),
(110, 9, 11, 16, 19.43),
(111, 9, 11, 7, 9.74),
(112, 9, 11, 14, 38.05),
(113, 9, 11, 15, 45.16),
(114, 9, 11, 5, 18.97),
(115, 9, 11, 3, 16.88),
(116, 9, 11, 6, 28.37),
(117, 9, 11, 5, 7.01),
(118, 9, 11, 7, 14.8),
(119, 9, 11, 14, 53.71),
(120, 9, 11, 9, 18.37),
(121, 9, 11, 18, 31.16),
(122, 9, 11, 13, 48.28),
(123, 9, 11, 14, 56.1),
(124, 9, 11, 9, 21.43),
(125, 9, 11, 15, 36.43),
(126, 9, 11, 16, 51.59),
(127, 9, 11, 17, 0.75),
(128, 9, 11, 18, 36.28),
(129, 9, 11, 10, 30.91),
(130, 9, 11, 11, 40.42),
(131, 9, 11, 15, 49.97),
(132, 9, 11, 10, 40.46),
(133, 9, 11, 15, 28.05),
(134, 9, 11, 2, 26.35),
(135, 9, 11, 14, 3.11),
(136, 9, 11, 19, 57.7),
(137, 9, 11, 14, 36.5),
(138, 9, 8, 19, 2.74),
(139, 9, 8, 7, 1.67),
(140, 9, 8, 7, 3.52),
(141, 9, 8, 2, 5.18),
(142, 9, 8, 14, 5.56),
(143, 9, 8, 1, 10.04),
(144, 9, 8, 15, 17.99),
(145, 9, 8, 12, 20.23),
(146, 9, 8, 2, 9.98),
(147, 9, 8, 15, 20.68),
(148, 9, 8, 13, 47.15),
(149, 9, 8, 19, 44.69),
(150, 9, 8, 11, 19.99),
(151, 9, 8, 2, 34.96),
(152, 9, 8, 8, 34.55),
(153, 9, 8, 1, 30.96),
(154, 9, 11, 12, 0.26),
(155, 9, 11, 16, 7.95),
(156, 9, 11, 2, 47.18),
(157, 9, 11, 7, 30.6),
(158, 9, 11, 3, 40.14),
(159, 9, 11, 2, 16.26),
(160, 9, 11, 8, 22.6),
(161, 9, 11, 15, 41.29),
(162, 9, 11, 3, 32.6),
(163, 9, 11, 13, 18.2),
(164, 9, 11, 2, 12.75),
(165, 9, 11, 10, 52.69),
(166, 9, 11, 8, 48.7),
(167, 9, 11, 14, 55.11),
(168, 9, 11, 3, 1.22),
(169, 9, 11, 5, 24.16),
(170, 9, 11, 18, 30.92),
(171, 9, 11, 3, 16.54),
(172, 9, 11, 3, 48.22),
(173, 9, 11, 12, 10.74),
(174, 9, 11, 19, 30.17),
(175, 9, 11, 9, 6.18),
(176, 9, 11, 9, 33.29),
(177, 9, 11, 18, 5.52),
(178, 9, 11, 2, 44.35),
(179, 9, 11, 5, 14.64),
(180, 9, 11, 8, 2.9),
(181, 9, 11, 2, 32.79),
(182, 9, 11, 14, 48.88),
(183, 9, 11, 9, 19.89),
(184, 9, 11, 19, 1.74),
(1, 10, 11, 17, 19.85),
(2, 10, 11, 9, 41.8),
(3, 10, 11, 14, 43.53),
(4, 10, 11, 4, 36.76),
(5, 10, 11, 5, 37.64),
(6, 10, 11, 6, 44.72),
(7, 10, 11, 15, 44.75),
(8, 10, 11, 14, 55.96),
(9, 10, 11, 5, 25.11),
(10, 10, 11, 14, 0.48),
(11, 10, 11, 9, 6.09),
(12, 10, 11, 8, 0.95),
(13, 10, 11, 15, 0.32),
(14, 10, 11, 14, 39.59),
(15, 10, 11, 16, 33.89),
(16, 10, 11, 13, 51.23),
(17, 10, 11, 15, 50.27),
(18, 10, 11, 1, 53.4),
(19, 10, 11, 3, 1.57),
(20, 10, 11, 4, 57.28),
(21, 10, 11, 19, 40.57),
(22, 10, 11, 12, 48.98),
(23, 10, 11, 19, 33.55),
(24, 10, 11, 3, 50.28),
(25, 10, 11, 5, 47.75),
(26, 10, 11, 16, 46.86),
(27, 10, 11, 11, 1.07),
(28, 10, 11, 5, 58.75),
(29, 10, 11, 15, 39.39),
(30, 10, 11, 18, 52.4),
(31, 10, 11, 4, 35.58),
(32, 10, 11, 8, 57.75),
(33, 10, 11, 1, 40.98),
(34, 10, 11, 14, 41.98),
(35, 10, 11, 6, 54.06),
(36, 10, 11, 9, 51.01),
(37, 10, 11, 13, 22.51),
(38, 10, 11, 8, 22.92),
(39, 10, 11, 5, 6.93),
(40, 10, 11, 1, 36.47),
(41, 10, 11, 5, 13.25),
(42, 10, 11, 16, 55.17),
(43, 10, 11, 19, 36.6),
(44, 10, 11, 7, 13.29),
(45, 10, 11, 7, 40.99),
(46, 10, 7, 3, 26.69),
(47, 10, 7, 4, 16.23),
(48, 10, 7, 18, 12.25),
(49, 10, 7, 1, 1.1),
(50, 10, 7, 8, 14.31),
(51, 10, 7, 4, 41.8),
(52, 10, 7, 18, 24.68),
(53, 10, 7, 6, 52.14),
(54, 10, 7, 4, 8.74),
(55, 10, 7, 17, 26.3),
(56, 10, 7, 19, 10.21),
(57, 10, 7, 8, 40.21),
(58, 10, 7, 8, 3.11),
(59, 10, 7, 10, 45.72),
(60, 10, 7, 12, 23.43),
(61, 10, 7, 1, 10.11),
(62, 10, 11, 18, 12.86),
(63, 10, 11, 20, 12.22),
(64, 10, 11, 6, 34.2),
(65, 10, 11, 15, 18.03),
(66, 10, 11, 15, 0.46),
(67, 10, 11, 7, 52.44),
(68, 10, 11, 14, 8.58),
(69, 10, 11, 8, 4.37),
(70, 10, 11, 9, 49.85),
(71, 10, 11, 6, 40.35),
(72, 10, 11, 19, 54.43),
(73, 10, 11, 6, 25.26),
(74, 10, 11, 9, 23.66),
(75, 10, 11, 12, 25.59),
(76, 10, 11, 10, 16),
(77, 10, 11, 2, 31.17),
(78, 10, 11, 2, 3.29),
(79, 10, 11, 19, 55.1),
(80, 10, 11, 3, 50.18),
(81, 10, 11, 7, 39.81),
(82, 10, 11, 11, 22.16),
(83, 10, 11, 13, 8.69),
(84, 10, 11, 13, 27.47),
(85, 10, 11, 12, 36.88),
(86, 10, 11, 7, 45.81),
(87, 10, 11, 16, 17.06),
(88, 10, 11, 15, 39.58),
(89, 10, 11, 18, 13.52),
(90, 10, 11, 11, 17.22),
(91, 10, 11, 19, 33.31),
(92, 10, 11, 2, 15.71),
(93, 10, 11, 9, 25.79),
(94, 10, 11, 9, 13.09),
(95, 10, 11, 13, 6.53),
(96, 10, 11, 6, 0.63),
(97, 10, 11, 15, 36.7),
(98, 10, 11, 6, 4.39),
(99, 10, 11, 1, 46.17),
(100, 10, 11, 4, 20.73),
(101, 10, 11, 18, 20.13),
(102, 10, 11, 5, 15.63),
(103, 10, 11, 8, 12.61),
(104, 10, 11, 7, 33.95),
(105, 10, 11, 2, 55.1),
(106, 10, 11, 7, 7.53),
(107, 10, 11, 2, 43.34),
(108, 10, 11, 10, 45.53),
(109, 10, 11, 18, 53.84),
(110, 10, 11, 19, 58.64),
(111, 10, 11, 13, 22.83),
(112, 10, 11, 5, 1.98),
(113, 10, 11, 14, 35.57),
(114, 10, 11, 9, 30.7),
(115, 10, 11, 15, 12.34),
(116, 10, 11, 10, 47.31),
(117, 10, 11, 3, 33.15),
(118, 10, 11, 1, 56.34),
(119, 10, 11, 6, 49.67),
(120, 10, 11, 1, 48.54),
(121, 10, 11, 13, 16.3),
(122, 10, 11, 16, 1.11),
(123, 10, 11, 5, 56.23),
(124, 10, 11, 1, 34.22),
(125, 10, 11, 9, 29.76),
(126, 10, 11, 14, 13.81),
(127, 10, 11, 2, 27.58),
(128, 10, 11, 11, 26.73),
(129, 10, 11, 11, 50.19),
(130, 10, 11, 16, 11.67),
(131, 10, 11, 7, 40.68),
(132, 10, 11, 4, 30.09),
(133, 10, 11, 6, 24.22),
(134, 10, 11, 13, 0.86),
(135, 10, 11, 12, 47.55),
(136, 10, 11, 11, 56.33),
(137, 10, 11, 8, 20.77),
(138, 10, 8, 11, 6.59),
(139, 10, 8, 7, 39.68),
(140, 10, 8, 10, 26.91),
(141, 10, 8, 18, 14.4),
(142, 10, 8, 14, 22.39),
(143, 10, 8, 13, 11.6),
(144, 10, 8, 5, 26),
(145, 10, 8, 19, 21.09),
(146, 10, 8, 18, 12.51),
(147, 10, 8, 9, 21.57),
(148, 10, 8, 19, 3.93),
(149, 10, 8, 19, 17.97),
(150, 10, 8, 14, 44.18),
(151, 10, 8, 16, 23.49),
(152, 10, 8, 7, 37.82),
(153, 10, 8, 8, 32.57),
(154, 10, 11, 7, 39.32),
(155, 10, 11, 6, 48.61),
(156, 10, 11, 5, 35.91),
(157, 10, 11, 17, 5.24),
(158, 10, 11, 14, 49.94),
(159, 10, 11, 3, 53.84),
(160, 10, 11, 6, 26.58),
(161, 10, 11, 7, 22.96),
(162, 10, 11, 11, 26.95),
(163, 10, 11, 13, 1.53),
(164, 10, 11, 15, 25.85),
(165, 10, 11, 2, 31.72),
(166, 10, 11, 9, 42.41),
(167, 10, 11, 7, 1.28),
(168, 10, 11, 1, 30.44),
(169, 10, 11, 10, 9.87),
(170, 10, 11, 11, 31.73),
(171, 10, 11, 4, 23.99),
(172, 10, 11, 5, 16.64),
(173, 10, 11, 5, 36.99),
(174, 10, 11, 7, 39.59),
(175, 10, 11, 2, 39.82),
(176, 10, 11, 1, 30.6),
(177, 10, 11, 4, 10.57),
(178, 10, 11, 4, 46.79),
(179, 10, 11, 14, 28.93),
(180, 10, 11, 11, 28.45),
(181, 10, 11, 16, 30.14),
(182, 10, 11, 16, 35.61),
(183, 10, 11, 4, 41.48),
(184, 10, 11, 19, 40.57),
(1, 11, 11, 7, 14.26),
(2, 11, 11, 17, 7.58),
(3, 11, 11, 12, 24.28),
(4, 11, 11, 3, 8.58),
(5, 11, 11, 2, 41.83),
(6, 11, 11, 20, 51.77),
(7, 11, 11, 1, 16.23),
(8, 11, 11, 20, 32.86),
(9, 11, 11, 1, 53.63),
(10, 11, 11, 9, 25.93),
(11, 11, 11, 17, 40.24),
(12, 11, 11, 6, 40.1),
(13, 11, 11, 3, 54.61),
(14, 11, 11, 20, 57.64),
(15, 11, 11, 9, 29),
(16, 11, 11, 15, 21.85),
(17, 11, 11, 14, 25.98),
(18, 11, 11, 6, 6.56),
(19, 11, 11, 19, 45.74),
(20, 11, 11, 17, 0.42),
(21, 11, 11, 8, 25.13),
(22, 11, 11, 4, 11.74),
(23, 11, 11, 10, 29.93),
(24, 11, 11, 7, 24.67),
(25, 11, 11, 17, 3.18),
(26, 11, 11, 4, 23.05),
(27, 11, 11, 9, 37.22),
(28, 11, 11, 10, 39.22),
(29, 11, 11, 7, 28.38),
(30, 11, 11, 6, 23.42),
(31, 11, 11, 3, 6.71),
(32, 11, 11, 16, 51.67),
(33, 11, 11, 7, 28.92),
(34, 11, 11, 11, 48.11),
(35, 11, 11, 16, 12.62),
(36, 11, 11, 20, 41.31),
(37, 11, 11, 4, 22.46),
(38, 11, 11, 1, 41.9),
(39, 11, 11, 4, 58.7),
(40, 11, 11, 2, 0.66),
(41, 11, 11, 7, 6.44),
(42, 11, 11, 3, 25.88),
(43, 11, 11, 1, 5.41),
(44, 11, 11, 13, 50.62),
(45, 11, 11, 7, 40.12),
(46, 11, 7, 18, 24.88),
(47, 11, 7, 1, 2.08),
(48, 11, 7, 6, 26.52),
(49, 11, 7, 3, 52.98),
(50, 11, 7, 16, 26.71),
(51, 11, 7, 8, 44.25),
(52, 11, 7, 6, 25.21),
(53, 11, 7, 9, 50.68),
(54, 11, 7, 20, 15.65),
(55, 11, 7, 7, 36.53),
(56, 11, 7, 13, 14.06),
(57, 11, 7, 6, 7.58),
(58, 11, 7, 19, 37.82),
(59, 11, 7, 3, 49.74),
(60, 11, 7, 5, 43.43),
(61, 11, 7, 6, 43.47),
(62, 11, 11, 6, 4.13),
(63, 11, 11, 1, 27.44),
(64, 11, 11, 3, 0.35),
(65, 11, 11, 2, 58.14),
(66, 11, 11, 5, 8.51),
(67, 11, 11, 15, 53.9),
(68, 11, 11, 19, 48.87),
(69, 11, 11, 1, 18.66),
(70, 11, 11, 6, 58.49),
(71, 11, 11, 13, 0.16),
(72, 11, 11, 9, 20.22),
(73, 11, 11, 4, 3.17),
(74, 11, 11, 2, 10.44),
(75, 11, 11, 7, 35.53),
(76, 11, 11, 2, 38.74),
(77, 11, 11, 6, 54.52),
(78, 11, 11, 12, 57.63),
(79, 11, 11, 17, 56.2),
(80, 11, 11, 15, 16.38),
(81, 11, 11, 3, 34.01),
(82, 11, 11, 4, 35.86),
(83, 11, 11, 11, 10.99),
(84, 11, 11, 6, 18.34),
(85, 11, 11, 19, 1.05),
(86, 11, 11, 5, 20.15),
(87, 11, 11, 7, 23.98),
(88, 11, 11, 18, 38.33),
(89, 11, 11, 5, 26.11),
(90, 11, 11, 8, 37.99),
(91, 11, 11, 20, 57.61),
(92, 11, 11, 1, 44.92),
(93, 11, 11, 11, 9.8),
(94, 11, 11, 14, 23.58),
(95, 11, 11, 17, 7.1),
(96, 11, 11, 11, 43.51),
(97, 11, 11, 4, 34.98),
(98, 11, 11, 6, 37.19),
(99, 11, 11, 13, 58.52),
(100, 11, 11, 19, 36.49),
(101, 11, 11, 2, 50.94),
(102, 11, 11, 11, 4.74),
(103, 11, 11, 16, 14.92),
(104, 11, 11, 19, 47.78),
(105, 11, 11, 4, 35.57),
(106, 11, 11, 17, 32.66),
(107, 11, 11, 20, 5.33),
(108, 11, 11, 7, 16.75),
(109, 11, 11, 4, 33.22),
(110, 11, 11, 1, 14.28),
(111, 11, 11, 10, 28.34),
(112, 11, 11, 7, 1.98),
(113, 11, 11, 4, 30.21),
(114, 11, 11, 12, 17.89),
(115, 11, 11, 10, 41.63),
(116, 11, 11, 2, 45.75),
(117, 11, 11, 17, 22.14),
(118, 11, 11, 14, 40.61),
(119, 11, 11, 15, 7.06),
(120, 11, 11, 14, 53.28),
(121, 11, 11, 8, 36.91),
(122, 11, 11, 15, 13.04),
(123, 11, 11, 9, 9.6),
(124, 11, 11, 18, 40.68),
(125, 11, 11, 9, 54.58),
(126, 11, 11, 1, 54.59),
(127, 11, 11, 8, 37.06),
(128, 11, 11, 2, 43.72),
(129, 11, 11, 11, 0.85),
(130, 11, 11, 17, 35.56),
(131, 11, 11, 7, 10.43),
(132, 11, 11, 20, 41.31),
(133, 11, 11, 6, 50.38),
(134, 11, 11, 8, 39.08),
(135, 11, 11, 15, 6.13),
(136, 11, 11, 8, 11.71),
(137, 11, 11, 11, 0.86),
(138, 11, 8, 8, 10.45),
(139, 11, 8, 11, 18.79),
(140, 11, 8, 10, 3.19),
(141, 11, 8, 1, 16.91),
(142, 11, 8, 18, 16.58),
(143, 11, 8, 5, 41.74),
(144, 11, 8, 14, 40.07),
(145, 11, 8, 1, 38.69),
(146, 11, 8, 2, 37.43),
(147, 11, 8, 10, 36.67),
(148, 11, 8, 19, 5.3),
(149, 11, 8, 7, 26.07),
(150, 11, 8, 10, 26.05),
(151, 11, 8, 13, 29.4),
(152, 11, 8, 15, 11.47),
(153, 11, 8, 13, 27.82),
(154, 11, 11, 10, 16.63),
(155, 11, 11, 12, 4.36),
(156, 11, 11, 19, 42.95),
(157, 11, 11, 2, 3.5),
(158, 11, 11, 1, 30.47),
(159, 11, 11, 19, 25.19),
(160, 11, 11, 10, 12.89),
(161, 11, 11, 16, 31.49),
(162, 11, 11, 11, 2.09),
(163, 11, 11, 8, 46.13),
(164, 11, 11, 10, 54.96),
(165, 11, 11, 4, 42.92),
(166, 11, 11, 2, 53.78),
(167, 11, 11, 9, 3.93),
(168, 11, 11, 12, 42.78),
(169, 11, 11, 19, 9.27),
(170, 11, 11, 19, 31.08),
(171, 11, 11, 5, 58),
(172, 11, 11, 10, 16.23),
(173, 11, 11, 17, 42.16),
(174, 11, 11, 4, 53.17),
(175, 11, 11, 14, 16.14),
(176, 11, 11, 18, 31.13),
(177, 11, 11, 4, 32.96),
(178, 11, 11, 15, 43.14),
(179, 11, 11, 13, 4.57),
(180, 11, 11, 2, 19.9),
(181, 11, 11, 17, 8.32),
(182, 11, 11, 8, 34.91),
(183, 11, 11, 18, 31.1),
(184, 11, 11, 8, 14.19),
(1, 12, 11, 8, 57.02),
(2, 12, 11, 17, 39.09),
(3, 12, 11, 4, 19.61),
(4, 12, 11, 2, 4.62),
(5, 12, 11, 18, 14.13),
(6, 12, 11, 8, 41.35),
(7, 12, 11, 14, 51.9),
(8, 12, 11, 17, 58.11),
(9, 12, 11, 18, 7.58),
(10, 12, 11, 20, 22.33),
(11, 12, 11, 2, 22.18),
(12, 12, 11, 20, 55.02),
(13, 12, 11, 1, 30.1),
(14, 12, 11, 15, 47.02),
(15, 12, 11, 19, 15.7),
(16, 12, 11, 11, 3.67),
(17, 12, 11, 2, 26.12),
(18, 12, 11, 19, 20.45),
(19, 12, 11, 6, 35.49),
(20, 12, 11, 12, 13.65),
(21, 12, 11, 6, 33.8),
(22, 12, 11, 6, 24.71),
(23, 12, 11, 7, 47.39),
(24, 12, 11, 13, 28.66),
(25, 12, 11, 1, 44.2),
(26, 12, 11, 17, 29.87),
(27, 12, 11, 17, 50.67),
(28, 12, 11, 1, 38.61),
(29, 12, 11, 9, 25.66),
(30, 12, 11, 18, 56.08),
(31, 12, 11, 7, 38.16),
(32, 12, 11, 15, 34.84),
(33, 12, 11, 20, 28.29),
(34, 12, 11, 1, 12.08),
(35, 12, 11, 3, 12.68),
(36, 12, 11, 12, 19.86),
(37, 12, 11, 11, 56.96),
(38, 12, 11, 1, 34.63),
(39, 12, 11, 5, 38.24),
(40, 12, 11, 20, 47.2),
(41, 12, 11, 19, 5.44),
(42, 12, 11, 8, 15.35),
(43, 12, 11, 18, 11.22),
(44, 12, 11, 19, 49.94),
(45, 12, 11, 14, 10.99),
(46, 12, 7, 14, 39.15),
(47, 12, 7, 13, 47.96),
(48, 12, 7, 4, 37.64),
(49, 12, 7, 9, 25.62),
(50, 12, 7, 20, 41.83),
(51, 12, 7, 19, 9.84),
(52, 12, 7, 16, 38.7),
(53, 12, 7, 17, 51.48),
(54, 12, 7, 18, 20.51),
(55, 12, 7, 20, 36.89),
(56, 12, 7, 14, 13.86),
(57, 12, 7, 5, 32.55),
(58, 12, 7, 10, 40.1),
(59, 12, 7, 3, 2.74),
(60, 12, 7, 17, 48.56),
(61, 12, 7, 3, 13.58),
(62, 12, 11, 13, 53.04),
(63, 12, 11, 14, 23.37),
(64, 12, 11, 9, 32.75),
(65, 12, 11, 20, 47.57),
(66, 12, 11, 9, 15.38),
(67, 12, 11, 16, 43.07),
(68, 12, 11, 15, 28.84),
(69, 12, 11, 15, 44.12),
(70, 12, 11, 5, 55.98),
(71, 12, 11, 7, 40.82),
(72, 12, 11, 10, 50.23),
(73, 12, 11, 3, 56.28),
(74, 12, 11, 18, 17.77),
(75, 12, 11, 18, 56.6),
(76, 12, 11, 5, 42.79),
(77, 12, 11, 6, 25.73),
(78, 12, 11, 12, 41.01),
(79, 12, 11, 2, 16.59),
(80, 12, 11, 6, 41.29),
(81, 12, 11, 1, 51.67),
(82, 12, 11, 18, 6.78),
(83, 12, 11, 8, 3.58),
(84, 12, 11, 7, 49.75),
(85, 12, 11, 18, 37.76),
(86, 12, 11, 11, 42.55),
(87, 12, 11, 12, 2.5),
(88, 12, 11, 9, 0.47),
(89, 12, 11, 4, 2.98),
(90, 12, 11, 10, 43.54),
(91, 12, 11, 13, 44.43),
(92, 12, 11, 12, 57.01),
(93, 12, 11, 11, 7.36),
(94, 12, 11, 20, 11.31),
(95, 12, 11, 15, 52.66),
(96, 12, 11, 3, 28.71),
(97, 12, 11, 14, 34.95),
(98, 12, 11, 20, 6.69),
(99, 12, 11, 20, 57.47),
(100, 12, 11, 6, 39.13),
(101, 12, 11, 9, 9.46),
(102, 12, 11, 2, 58.54),
(103, 12, 11, 2, 12.69),
(104, 12, 11, 10, 29.11),
(105, 12, 11, 8, 1.72),
(106, 12, 11, 12, 28.22),
(107, 12, 11, 9, 39.98),
(108, 12, 11, 3, 41.65),
(109, 12, 11, 5, 38.79),
(110, 12, 11, 15, 19.83),
(111, 12, 11, 8, 15.74),
(112, 12, 11, 3, 7.91),
(113, 12, 11, 16, 46.08),
(114, 12, 11, 13, 14.22),
(115, 12, 11, 7, 42.42),
(116, 12, 11, 12, 38.32),
(117, 12, 11, 14, 7.81),
(118, 12, 11, 4, 56.82),
(119, 12, 11, 5, 23.7),
(120, 12, 11, 4, 9.39),
(121, 12, 11, 1, 25.73),
(122, 12, 11, 11, 41.75),
(123, 12, 11, 13, 8.43),
(124, 12, 11, 13, 43.51),
(125, 12, 11, 14, 31.44),
(126, 12, 11, 17, 16.12),
(127, 12, 11, 3, 27.8),
(128, 12, 11, 10, 38.69),
(129, 12, 11, 10, 45.99),
(130, 12, 11, 14, 56.25),
(131, 12, 11, 5, 10.41),
(132, 12, 11, 17, 7.93),
(133, 12, 11, 10, 10.79),
(134, 12, 11, 17, 40.87),
(135, 12, 11, 1, 18.93),
(136, 12, 11, 11, 56.27),
(137, 12, 11, 4, 17.8),
(138, 12, 8, 3, 49.66),
(139, 12, 8, 5, 47),
(140, 12, 8, 12, 47.62),
(141, 12, 8, 4, 47.58),
(142, 12, 8, 12, 49.06),
(143, 12, 8, 10, 37.01),
(144, 12, 8, 4, 24.13),
(145, 12, 8, 1, 47.78),
(146, 12, 8, 2, 47.9),
(147, 12, 8, 7, 18.4),
(148, 12, 8, 16, 41.59),
(149, 12, 8, 3, 34.06),
(150, 12, 8, 12, 0.28),
(151, 12, 8, 7, 40.6),
(152, 12, 8, 14, 11.69),
(153, 12, 8, 1, 29.14),
(154, 12, 11, 11, 23.67),
(155, 12, 11, 5, 3.02),
(156, 12, 11, 13, 2.85),
(157, 12, 11, 17, 44.47),
(158, 12, 11, 12, 27.9),
(159, 12, 11, 17, 43.29),
(160, 12, 11, 11, 4.23),
(161, 12, 11, 1, 6.89),
(162, 12, 11, 10, 2.32),
(163, 12, 11, 4, 53.39),
(164, 12, 11, 2, 43.42),
(165, 12, 11, 16, 15.69),
(166, 12, 11, 14, 54.99),
(167, 12, 11, 10, 19.82),
(168, 12, 11, 20, 56.89),
(169, 12, 11, 2, 2.15),
(170, 12, 11, 4, 9.98),
(171, 12, 11, 18, 55.16),
(172, 12, 11, 17, 31.37),
(173, 12, 11, 11, 6.3),
(174, 12, 11, 9, 40.05),
(175, 12, 11, 17, 10.78),
(176, 12, 11, 18, 31.17),
(177, 12, 11, 4, 17.68),
(178, 12, 11, 2, 4.69),
(179, 12, 11, 17, 45.33),
(180, 12, 11, 8, 0.45),
(181, 12, 11, 5, 10.19),
(182, 12, 11, 9, 49.62),
(183, 12, 11, 14, 57.14),
(184, 12, 11, 7, 50.47),
(1, 13, 5, 8, 76.92),
(2, 13, 5, 15, 29.92),
(3, 13, 5, 18, 26.26),
(4, 13, 5, 11, 9.83),
(5, 13, 5, 6, 29.18),
(6, 13, 5, 17, 81.82),
(7, 13, 5, 20, 84.56),
(8, 13, 5, 19, 69.53),
(9, 13, 5, 14, 3.23),
(10, 13, 5, 4, 60.39),
(11, 13, 5, 9, 22.87),
(12, 13, 5, 1, 21.87),
(13, 13, 5, 14, 63.68),
(14, 13, 5, 11, 61.55),
(15, 13, 5, 17, 28.46),
(16, 13, 5, 17, 10.17),
(17, 13, 5, 9, 11.9),
(18, 13, 5, 13, 1.09),
(19, 13, 5, 16, 1.32),
(20, 13, 5, 9, 81.95),
(21, 13, 5, 4, 61.95),
(22, 13, 5, 8, 86.49),
(23, 13, 5, 9, 44.6),
(24, 13, 5, 13, 29.62),
(25, 13, 5, 14, 56.38),
(26, 13, 5, 6, 26.47),
(27, 13, 5, 17, 88.68),
(28, 13, 5, 9, 47.83),
(29, 13, 5, 1, 92.67),
(30, 13, 5, 3, 47.25),
(31, 13, 5, 2, 35.02),
(32, 13, 5, 12, 29.71),
(33, 13, 5, 12, 85.49),
(34, 13, 5, 13, 52.65),
(35, 13, 5, 20, 23.78),
(36, 13, 5, 17, 75.77),
(37, 13, 5, 2, 46.65),
(38, 13, 5, 20, 95.86),
(39, 13, 5, 16, 33.2),
(40, 13, 5, 1, 37.57),
(41, 13, 5, 6, 92.89),
(42, 13, 5, 18, 83.96),
(43, 13, 5, 11, 97.67),
(44, 13, 5, 15, 76.12),
(45, 13, 5, 8, 82.3),
(46, 13, 5, 7, 2.26),
(47, 13, 5, 17, 55.63),
(48, 13, 5, 19, 32.73),
(49, 13, 5, 6, 59.24),
(50, 13, 5, 14, 20.52),
(51, 13, 5, 11, 89.98),
(52, 13, 5, 14, 80.32),
(53, 13, 5, 8, 16.47),
(54, 13, 5, 13, 92.27),
(55, 13, 5, 19, 39.99),
(56, 13, 5, 11, 52.71),
(57, 13, 5, 15, 51.67),
(58, 13, 5, 1, 75.76),
(59, 13, 5, 10, 86.28),
(60, 13, 5, 7, 44.18),
(61, 13, 5, 1, 77.35),
(62, 13, 5, 9, 75.78),
(63, 13, 5, 11, 17.85),
(64, 13, 5, 16, 26.55),
(65, 13, 5, 10, 71.86),
(66, 13, 5, 8, 38.27),
(67, 13, 5, 17, 8.98),
(68, 13, 5, 11, 5.34),
(69, 13, 5, 19, 10.79),
(70, 13, 5, 19, 7.96),
(71, 13, 5, 6, 25.97);
INSERT INTO `SalesFact` (`time_key`, `product_key`, `promotion_key`, `store_key`, `dollar_sales`) VALUES
(72, 13, 5, 6, 77.17),
(73, 13, 5, 13, 3.49),
(74, 13, 5, 14, 32.46),
(75, 13, 5, 1, 48.64),
(76, 13, 5, 19, 18.13),
(77, 13, 5, 3, 27.96),
(78, 13, 5, 7, 42.97),
(79, 13, 5, 5, 5.85),
(80, 13, 5, 3, 50.84),
(81, 13, 5, 11, 61.36),
(82, 13, 5, 2, 50.48),
(83, 13, 5, 3, 82.1),
(84, 13, 5, 20, 47.69),
(85, 13, 5, 5, 58.16),
(86, 13, 5, 6, 42.86),
(87, 13, 5, 4, 37.74),
(88, 13, 5, 7, 84.59),
(89, 13, 5, 6, 19.67),
(90, 13, 5, 10, 97.8),
(91, 13, 5, 8, 82.99),
(92, 13, 5, 4, 21.73),
(93, 13, 6, 11, 74.84),
(94, 13, 6, 13, 18.97),
(95, 13, 6, 18, 91.16),
(96, 13, 6, 19, 47.56),
(97, 13, 6, 11, 77.81),
(98, 13, 6, 12, 11.92),
(99, 13, 6, 18, 50.85),
(100, 13, 6, 3, 63.69),
(101, 13, 6, 16, 96.68),
(102, 13, 6, 11, 35.48),
(103, 13, 6, 3, 25.68),
(104, 13, 6, 5, 75.07),
(105, 13, 6, 6, 31.92),
(106, 13, 6, 17, 30.75),
(107, 13, 6, 12, 42.73),
(108, 13, 6, 20, 97.68),
(109, 13, 6, 13, 30.51),
(110, 13, 6, 2, 44.98),
(111, 13, 6, 4, 79.49),
(112, 13, 6, 11, 97.59),
(113, 13, 6, 16, 54.22),
(114, 13, 6, 13, 54.75),
(115, 13, 6, 13, 53.28),
(116, 13, 6, 16, 74.79),
(117, 13, 6, 12, 56.49),
(118, 13, 6, 20, 51.36),
(119, 13, 6, 20, 66.29),
(120, 13, 6, 15, 53.17),
(121, 13, 6, 10, 20.59),
(122, 13, 6, 7, 69.6),
(123, 13, 6, 15, 86.56),
(124, 13, 6, 6, 55.19),
(125, 13, 6, 17, 88.47),
(126, 13, 6, 15, 3.97),
(127, 13, 6, 12, 90.78),
(128, 13, 6, 10, 50.56),
(129, 13, 6, 13, 39.37),
(130, 13, 6, 7, 97.45),
(131, 13, 6, 6, 65.25),
(132, 13, 6, 11, 26.67),
(133, 13, 6, 2, 90.17),
(134, 13, 6, 8, 73.22),
(135, 13, 6, 3, 90.6),
(136, 13, 6, 5, 55.55),
(137, 13, 6, 11, 65.3),
(138, 13, 6, 18, 80.03),
(139, 13, 6, 9, 72.81),
(140, 13, 6, 13, 76.38),
(141, 13, 6, 8, 20.44),
(142, 13, 6, 13, 60.42),
(143, 13, 6, 1, 98.52),
(144, 13, 6, 12, 75.63),
(145, 13, 6, 18, 7.09),
(146, 13, 6, 10, 76.13),
(147, 13, 6, 7, 96.32),
(148, 13, 6, 18, 39.11),
(149, 13, 6, 14, 5.61),
(150, 13, 6, 15, 10.01),
(151, 13, 6, 7, 41.88),
(152, 13, 6, 12, 56.48),
(153, 13, 6, 15, 79.65),
(154, 13, 6, 19, 48.33),
(155, 13, 6, 11, 35.88),
(156, 13, 6, 20, 2.78),
(157, 13, 6, 8, 83.75),
(158, 13, 6, 13, 79.61),
(159, 13, 6, 2, 8.63),
(160, 13, 6, 17, 17.41),
(161, 13, 6, 14, 33.93),
(162, 13, 6, 13, 56.7),
(163, 13, 6, 6, 88.15),
(164, 13, 6, 17, 11.89),
(165, 13, 6, 14, 53.01),
(166, 13, 6, 13, 9.51),
(167, 13, 6, 8, 92.39),
(168, 13, 6, 9, 0.3),
(169, 13, 6, 10, 64.92),
(170, 13, 6, 16, 47.25),
(171, 13, 6, 11, 61.97),
(172, 13, 6, 3, 94.22),
(173, 13, 6, 6, 31.51),
(174, 13, 6, 12, 93.38),
(175, 13, 6, 3, 21.6),
(176, 13, 6, 9, 49.59),
(177, 13, 6, 19, 8.61),
(178, 13, 6, 9, 61.75),
(179, 13, 6, 2, 69.81),
(180, 13, 6, 7, 28.72),
(181, 13, 6, 4, 13.27),
(182, 13, 6, 4, 23.93),
(183, 13, 6, 10, 77.13),
(184, 13, 6, 3, 17.54),
(1, 14, 5, 2, 77.7),
(2, 14, 5, 8, 26.02),
(3, 14, 5, 12, 53.78),
(4, 14, 5, 19, 11.37),
(5, 14, 5, 3, 34.29),
(6, 14, 5, 6, 16.92),
(7, 14, 5, 2, 39.59),
(8, 14, 5, 5, 24.67),
(9, 14, 5, 14, 26.96),
(10, 14, 5, 17, 81.53),
(11, 14, 5, 1, 48.72),
(12, 14, 5, 18, 91.84),
(13, 14, 5, 11, 84.16),
(14, 14, 5, 9, 87.91),
(15, 14, 5, 3, 66.47),
(16, 14, 5, 15, 51.74),
(17, 14, 5, 10, 77.87),
(18, 14, 5, 14, 63.6),
(19, 14, 5, 17, 40.88),
(20, 14, 5, 5, 37.92),
(21, 14, 5, 12, 98.57),
(22, 14, 5, 5, 79.81),
(23, 14, 5, 5, 47.28),
(24, 14, 5, 16, 16.11),
(25, 14, 5, 3, 29.61),
(26, 14, 5, 1, 36.43),
(27, 14, 5, 19, 12.35),
(28, 14, 5, 1, 31.53),
(29, 14, 5, 18, 43.35),
(30, 14, 5, 3, 53.28),
(31, 14, 5, 2, 66.33),
(32, 14, 5, 20, 23.25),
(33, 14, 5, 6, 81),
(34, 14, 5, 10, 69.82),
(35, 14, 5, 10, 57.66),
(36, 14, 5, 8, 48.89),
(37, 14, 5, 5, 30.08),
(38, 14, 5, 14, 95.18),
(39, 14, 5, 15, 23.21),
(40, 14, 5, 14, 16.89),
(41, 14, 5, 8, 91.11),
(42, 14, 5, 1, 24.13),
(43, 14, 5, 15, 72.25),
(44, 14, 5, 8, 59.34),
(45, 14, 5, 10, 79.88),
(46, 14, 5, 14, 71.75),
(47, 14, 5, 2, 97.2),
(48, 14, 5, 8, 38.47),
(49, 14, 5, 15, 41.62),
(50, 14, 5, 5, 44.81),
(51, 14, 5, 13, 4.14),
(52, 14, 5, 13, 67.97),
(53, 14, 5, 16, 97.85),
(54, 14, 5, 10, 24.02),
(55, 14, 5, 11, 66.98),
(56, 14, 5, 20, 35.36),
(57, 14, 5, 16, 53.6),
(58, 14, 5, 2, 67.59),
(59, 14, 5, 8, 67.96),
(60, 14, 5, 16, 93.51),
(61, 14, 5, 14, 57.42),
(62, 14, 5, 18, 72.94),
(63, 14, 5, 2, 81.52),
(64, 14, 5, 3, 81.88),
(65, 14, 5, 14, 26.34),
(66, 14, 5, 7, 43.26),
(67, 14, 5, 12, 6.81),
(68, 14, 5, 15, 66.35),
(69, 14, 5, 14, 23.21),
(70, 14, 5, 1, 35.12),
(71, 14, 5, 15, 29.24),
(72, 14, 5, 16, 59.97),
(73, 14, 5, 13, 8.95),
(74, 14, 5, 1, 26.76),
(75, 14, 5, 16, 39.21),
(76, 14, 5, 20, 86.29),
(77, 14, 5, 19, 7.09),
(78, 14, 5, 10, 85.98),
(79, 14, 5, 18, 31.46),
(80, 14, 5, 13, 38.53),
(81, 14, 5, 19, 7.81),
(82, 14, 5, 9, 83.42),
(83, 14, 5, 1, 86.33),
(84, 14, 5, 16, 6.48),
(85, 14, 5, 7, 56.67),
(86, 14, 5, 19, 90.14),
(87, 14, 5, 12, 92.81),
(88, 14, 5, 14, 42.87),
(89, 14, 5, 18, 89.11),
(90, 14, 5, 2, 7.93),
(91, 14, 5, 19, 90.42),
(92, 14, 5, 10, 53.59),
(93, 14, 6, 10, 86.71),
(94, 14, 6, 6, 16.32),
(95, 14, 6, 17, 41.82),
(96, 14, 6, 6, 9.59),
(97, 14, 6, 6, 60.12),
(98, 14, 6, 1, 54.41),
(99, 14, 6, 12, 26.18),
(100, 14, 6, 9, 84.57),
(101, 14, 6, 20, 56.86),
(102, 14, 6, 18, 20.41),
(103, 14, 6, 13, 61.27),
(104, 14, 6, 20, 25.38),
(105, 14, 6, 19, 94.72),
(106, 14, 6, 8, 94.91),
(107, 14, 6, 9, 49.33),
(108, 14, 6, 13, 32.2),
(109, 14, 6, 14, 21.1),
(110, 14, 6, 13, 98.98),
(111, 14, 6, 9, 44.67),
(112, 14, 6, 9, 79.46),
(113, 14, 6, 7, 89.89),
(114, 14, 6, 15, 64.9),
(115, 14, 6, 11, 51.04),
(116, 14, 6, 6, 53.52),
(117, 14, 6, 3, 78.29),
(118, 14, 6, 20, 65.4),
(119, 14, 6, 19, 43.36),
(120, 14, 6, 4, 17.86),
(121, 14, 6, 11, 19.29),
(122, 14, 6, 14, 27.33),
(123, 14, 6, 5, 11.57),
(124, 14, 6, 17, 63.18),
(125, 14, 6, 1, 12.03),
(126, 14, 6, 3, 94.75),
(127, 14, 6, 10, 60.83),
(128, 14, 6, 13, 56.32),
(129, 14, 6, 12, 24.77),
(130, 14, 6, 14, 21.09),
(131, 14, 6, 18, 16.29),
(132, 14, 6, 10, 92.64),
(133, 14, 6, 12, 8.6),
(134, 14, 6, 7, 41.38),
(135, 14, 6, 5, 97.67),
(136, 14, 6, 14, 25.89),
(137, 14, 6, 8, 16.02),
(138, 14, 6, 8, 1.28),
(139, 14, 6, 12, 91.64),
(140, 14, 6, 12, 94.71),
(141, 14, 6, 7, 29.25),
(142, 14, 6, 10, 95.01),
(143, 14, 6, 19, 34.03),
(144, 14, 6, 12, 88.85),
(145, 14, 6, 5, 11.27),
(146, 14, 6, 7, 43.93),
(147, 14, 6, 3, 25.73),
(148, 14, 6, 7, 25.16),
(149, 14, 6, 18, 80.62),
(150, 14, 6, 6, 81.87),
(151, 14, 6, 8, 73.38),
(152, 14, 6, 6, 56.34),
(153, 14, 6, 2, 17.92),
(154, 14, 6, 19, 84.31),
(155, 14, 6, 13, 53.75),
(156, 14, 6, 4, 8.38),
(157, 14, 6, 15, 84.24),
(158, 14, 6, 14, 9.16),
(159, 14, 6, 5, 98.98),
(160, 14, 6, 4, 31.84),
(161, 14, 6, 5, 82.04),
(162, 14, 6, 3, 65.43),
(163, 14, 6, 4, 16.42),
(164, 14, 6, 1, 89.83),
(165, 14, 6, 1, 25.07),
(166, 14, 6, 5, 15.56),
(167, 14, 6, 3, 16.95),
(168, 14, 6, 12, 27.23),
(169, 14, 6, 14, 20.35),
(170, 14, 6, 8, 59.04),
(171, 14, 6, 4, 20.24),
(172, 14, 6, 19, 5.02),
(173, 14, 6, 4, 45.54),
(174, 14, 6, 4, 26.6),
(175, 14, 6, 14, 50.89),
(176, 14, 6, 4, 23.59),
(177, 14, 6, 7, 96.15),
(178, 14, 6, 16, 24.55),
(179, 14, 6, 5, 63.78),
(180, 14, 6, 2, 14.6),
(181, 14, 6, 12, 80.34),
(182, 14, 6, 3, 7.97),
(183, 14, 6, 5, 61.45),
(184, 14, 6, 8, 9.57),
(1, 15, 5, 19, 90.78),
(2, 15, 5, 19, 29.53),
(3, 15, 5, 10, 2.85),
(4, 15, 5, 15, 42.44),
(5, 15, 5, 16, 28.86),
(6, 15, 5, 20, 5.83),
(7, 15, 5, 20, 33.79),
(8, 15, 5, 16, 76.87),
(9, 15, 5, 17, 45.46),
(10, 15, 5, 2, 3.64),
(11, 15, 5, 12, 49.23),
(12, 15, 5, 12, 57.28),
(13, 15, 5, 18, 16.64),
(14, 15, 5, 20, 55.79),
(15, 15, 5, 13, 72.19),
(16, 15, 5, 7, 83.62),
(17, 15, 5, 7, 33.92),
(18, 15, 5, 13, 1.85),
(19, 15, 5, 1, 63.55),
(20, 15, 5, 3, 16.99),
(21, 15, 5, 16, 28.45),
(22, 15, 5, 16, 46.55),
(23, 15, 5, 3, 53.51),
(24, 15, 5, 5, 0.86),
(25, 15, 5, 16, 13.85),
(26, 15, 5, 13, 55.93),
(27, 15, 5, 13, 0.82),
(28, 15, 5, 5, 17.15),
(29, 15, 5, 19, 56.81),
(30, 15, 5, 19, 66.3),
(31, 15, 5, 18, 72.76),
(32, 15, 5, 20, 61.05),
(33, 15, 5, 6, 74.44),
(34, 15, 5, 5, 25.91),
(35, 15, 5, 3, 58.89),
(36, 15, 5, 7, 43.5),
(37, 15, 5, 16, 52.44),
(38, 15, 5, 8, 56.33),
(39, 15, 5, 9, 96.52),
(40, 15, 5, 6, 15.58),
(41, 15, 5, 4, 89.87),
(42, 15, 5, 6, 71.08),
(43, 15, 5, 10, 61.45),
(44, 15, 5, 8, 43.42),
(45, 15, 5, 17, 76.44),
(46, 15, 5, 17, 29.47),
(47, 15, 5, 20, 55.48),
(48, 15, 5, 11, 11.19),
(49, 15, 5, 9, 13.58),
(50, 15, 5, 4, 13.24),
(51, 15, 5, 17, 86.34),
(52, 15, 5, 17, 36.55),
(53, 15, 5, 18, 0.06),
(54, 15, 5, 16, 86.54),
(55, 15, 5, 19, 70.42),
(56, 15, 5, 16, 76.55),
(57, 15, 5, 19, 64.76),
(58, 15, 5, 13, 97.74),
(59, 15, 5, 20, 18.32),
(60, 15, 5, 5, 70.39),
(61, 15, 5, 13, 8.28),
(62, 15, 5, 14, 55.3),
(63, 15, 5, 12, 94.16),
(64, 15, 5, 12, 51.27),
(65, 15, 5, 1, 20.34),
(66, 15, 5, 1, 89.75),
(67, 15, 5, 13, 78.72),
(68, 15, 5, 17, 73.06),
(69, 15, 5, 14, 30.05),
(70, 15, 5, 16, 45.17),
(71, 15, 5, 4, 14.99),
(72, 15, 5, 19, 42.88),
(73, 15, 5, 1, 42.25),
(74, 15, 5, 7, 63.37),
(75, 15, 5, 9, 0.1),
(76, 15, 5, 13, 2.8),
(77, 15, 5, 1, 82.75),
(78, 15, 5, 6, 39.15),
(79, 15, 5, 1, 63.2),
(80, 15, 5, 4, 76.61),
(81, 15, 5, 7, 26.66),
(82, 15, 5, 8, 61.15),
(83, 15, 5, 15, 55.65),
(84, 15, 5, 6, 32.02),
(85, 15, 5, 15, 45.39),
(86, 15, 5, 13, 85.45),
(87, 15, 5, 10, 60.95),
(88, 15, 5, 8, 55.64),
(89, 15, 5, 15, 88.48),
(90, 15, 5, 8, 29.95),
(91, 15, 5, 12, 37.37),
(92, 15, 5, 1, 67.75),
(93, 15, 6, 13, 83.13),
(94, 15, 6, 6, 16.58),
(95, 15, 6, 8, 76.5),
(96, 15, 6, 4, 92.74),
(97, 15, 6, 11, 56.62),
(98, 15, 6, 10, 6.15),
(99, 15, 6, 3, 70.64),
(100, 15, 6, 3, 35),
(101, 15, 6, 1, 90.9),
(102, 15, 6, 15, 7.9),
(103, 15, 6, 19, 11.97),
(104, 15, 6, 12, 48.72),
(105, 15, 6, 7, 5.65),
(106, 15, 6, 6, 33.29),
(107, 15, 6, 14, 32.85),
(108, 15, 6, 3, 82.71),
(109, 15, 6, 1, 98.64),
(110, 15, 6, 20, 6.21),
(111, 15, 6, 6, 74.67),
(112, 15, 6, 8, 48.29),
(113, 15, 6, 4, 44.68),
(114, 15, 6, 14, 22.91),
(115, 15, 6, 17, 75.09),
(116, 15, 6, 2, 80.02),
(117, 15, 6, 2, 19.9),
(118, 15, 6, 10, 38.53),
(119, 15, 6, 1, 93.29),
(120, 15, 6, 15, 85.55),
(121, 15, 6, 17, 96.84),
(122, 15, 6, 18, 66.7),
(123, 15, 6, 19, 5.19),
(124, 15, 6, 2, 7.06),
(125, 15, 6, 17, 39.4),
(126, 15, 6, 5, 41.14),
(127, 15, 6, 1, 95.29),
(128, 15, 6, 5, 1.09),
(129, 15, 6, 13, 35.34),
(130, 15, 6, 12, 79.8),
(131, 15, 6, 12, 48.28),
(132, 15, 6, 3, 56.57),
(133, 15, 6, 3, 74.04),
(134, 15, 6, 13, 76.23),
(135, 15, 6, 5, 19.62),
(136, 15, 6, 6, 27.09),
(137, 15, 6, 8, 75.85),
(138, 15, 6, 14, 33.15),
(139, 15, 6, 1, 73.95),
(140, 15, 6, 1, 46.32),
(141, 15, 6, 4, 13.44),
(142, 15, 6, 11, 14.48),
(143, 15, 6, 4, 56.78),
(144, 15, 6, 8, 46.91),
(145, 15, 6, 1, 92.78),
(146, 15, 6, 9, 23.12),
(147, 15, 6, 12, 84.77),
(148, 15, 6, 12, 96.22),
(149, 15, 6, 15, 67.85),
(150, 15, 6, 1, 2.51),
(151, 15, 6, 7, 70.89),
(152, 15, 6, 4, 63.68),
(153, 15, 6, 3, 65.12),
(154, 15, 6, 3, 60.95),
(155, 15, 6, 12, 66.27),
(156, 15, 6, 5, 6.01),
(157, 15, 6, 19, 46.84),
(158, 15, 6, 11, 27.61),
(159, 15, 6, 14, 32.8),
(160, 15, 6, 1, 82.1),
(161, 15, 6, 20, 86.6),
(162, 15, 6, 1, 66.8),
(163, 15, 6, 4, 86.37),
(164, 15, 6, 14, 56.04),
(165, 15, 6, 12, 10.27),
(166, 15, 6, 1, 58.42),
(167, 15, 6, 12, 84.43),
(168, 15, 6, 1, 92.74),
(169, 15, 6, 18, 55.48),
(170, 15, 6, 15, 50.09),
(171, 15, 6, 9, 62.87),
(172, 15, 6, 12, 32.31),
(173, 15, 6, 15, 26.54),
(174, 15, 6, 5, 2.43),
(175, 15, 6, 11, 89.98),
(176, 15, 6, 19, 86.78),
(177, 15, 6, 18, 30.3),
(178, 15, 6, 2, 21.98),
(179, 15, 6, 13, 26.9),
(180, 15, 6, 2, 27.07),
(181, 15, 6, 3, 56.89),
(182, 15, 6, 14, 59.5),
(183, 15, 6, 5, 61.23),
(184, 15, 6, 2, 81.64),
(1, 16, 11, 13, 55.98),
(2, 16, 11, 15, 20.29),
(3, 16, 11, 13, 54.02),
(4, 16, 11, 13, 42.31),
(5, 16, 11, 18, 9.4),
(6, 16, 11, 11, 5.65),
(7, 16, 11, 9, 43.48),
(8, 16, 11, 20, 15.64),
(9, 16, 11, 4, 19.47),
(10, 16, 11, 6, 20.61),
(11, 16, 11, 4, 24.95),
(12, 16, 11, 10, 38.59),
(13, 16, 11, 12, 47.49),
(14, 16, 11, 6, 50.15),
(15, 16, 11, 1, 61.61),
(16, 16, 11, 18, 16.31),
(17, 16, 11, 8, 10.4),
(18, 16, 11, 6, 44.28),
(19, 16, 11, 1, 54.67),
(20, 16, 11, 12, 30.66),
(21, 16, 11, 8, 28.78),
(22, 16, 11, 8, 60.1),
(23, 16, 11, 12, 35.54),
(24, 16, 11, 13, 54.41),
(25, 16, 11, 13, 18.45),
(26, 16, 11, 4, 49.29),
(27, 16, 11, 8, 62.68),
(28, 16, 11, 20, 17.51),
(29, 16, 11, 15, 53.88),
(30, 16, 11, 14, 37.86),
(31, 16, 11, 12, 59.11),
(32, 16, 11, 2, 51.61),
(33, 16, 11, 4, 9.58),
(34, 16, 11, 19, 19.2),
(35, 16, 11, 13, 49.95),
(36, 16, 11, 19, 5.67),
(37, 16, 11, 1, 19.43),
(38, 16, 11, 15, 49.76),
(39, 16, 11, 6, 52.15),
(40, 16, 11, 2, 25.65),
(41, 16, 11, 12, 47.99),
(42, 16, 11, 13, 68.83),
(43, 16, 11, 6, 60.08),
(44, 16, 11, 18, 15.83),
(45, 16, 11, 15, 5.45),
(46, 16, 11, 11, 50.52),
(47, 16, 11, 15, 20.76),
(48, 16, 11, 6, 6.41),
(49, 16, 11, 2, 41.95),
(50, 16, 11, 7, 35.04),
(51, 16, 11, 15, 33.27),
(52, 16, 11, 14, 55.43),
(53, 16, 11, 8, 31.13),
(54, 16, 11, 3, 39.22),
(55, 16, 11, 15, 13.49),
(56, 16, 11, 4, 29.9),
(57, 16, 11, 3, 37.02),
(58, 16, 11, 13, 53.29),
(59, 16, 11, 9, 68.29),
(60, 16, 11, 13, 40.08),
(61, 16, 11, 17, 66.1),
(62, 16, 11, 17, 7.01),
(63, 16, 11, 17, 21.51),
(64, 16, 11, 16, 5),
(65, 16, 11, 14, 0.84),
(66, 16, 11, 8, 39.35),
(67, 16, 11, 8, 10.55),
(68, 16, 11, 16, 34.9),
(69, 16, 11, 10, 5.9),
(70, 16, 11, 13, 43.44),
(71, 16, 11, 15, 26.05),
(72, 16, 11, 15, 24.47),
(73, 16, 11, 1, 26.41),
(74, 16, 11, 20, 38.11),
(75, 16, 11, 15, 31.52),
(76, 16, 11, 7, 50.12),
(77, 16, 11, 4, 63.28),
(78, 16, 11, 12, 7.91),
(79, 16, 11, 15, 34.2),
(80, 16, 11, 19, 68.3),
(81, 16, 11, 3, 13.8),
(82, 16, 11, 3, 59.22),
(83, 16, 11, 1, 37.04),
(84, 16, 11, 18, 7.04),
(85, 16, 11, 19, 21.03),
(86, 16, 11, 13, 30.81),
(87, 16, 11, 18, 60.62),
(88, 16, 11, 11, 36.14),
(89, 16, 11, 1, 62.25),
(90, 16, 11, 3, 52.96),
(91, 16, 11, 16, 20.66),
(92, 16, 11, 12, 29.05),
(93, 16, 11, 20, 52.24),
(94, 16, 11, 3, 47.66),
(95, 16, 11, 13, 5.96),
(96, 16, 11, 19, 22.34),
(97, 16, 11, 8, 8.29),
(98, 16, 11, 2, 10),
(99, 16, 11, 17, 3.53),
(100, 16, 11, 7, 22.74),
(101, 16, 11, 11, 25.39),
(102, 16, 11, 1, 30.86),
(103, 16, 11, 6, 54.87),
(104, 16, 11, 7, 38.38),
(105, 16, 11, 4, 61.66),
(106, 16, 11, 10, 60.71),
(107, 16, 11, 15, 15.6),
(108, 16, 11, 20, 58.34),
(109, 16, 11, 11, 21.86),
(110, 16, 11, 6, 52.04),
(111, 16, 11, 2, 53.61),
(112, 16, 11, 4, 1.96),
(113, 16, 11, 10, 67.51),
(114, 16, 11, 5, 40.38),
(115, 16, 11, 13, 2.95),
(116, 16, 11, 1, 25.53),
(117, 16, 11, 14, 34.82),
(118, 16, 11, 1, 3.77),
(119, 16, 11, 8, 1.55),
(120, 16, 11, 14, 45.69),
(121, 16, 11, 12, 24.88),
(122, 16, 11, 11, 47.85),
(123, 16, 11, 12, 63.48),
(124, 16, 11, 10, 28.66),
(125, 16, 11, 12, 24.32),
(126, 16, 11, 9, 14.76),
(127, 16, 11, 15, 2.6),
(128, 16, 11, 5, 11.87),
(129, 16, 11, 4, 31.39),
(130, 16, 11, 18, 18.91),
(131, 16, 11, 16, 50.37),
(132, 16, 11, 7, 61.93),
(133, 16, 11, 11, 61.42),
(134, 16, 11, 5, 58.58),
(135, 16, 11, 2, 47.63),
(136, 16, 11, 3, 66.86),
(137, 16, 11, 3, 59.15),
(138, 16, 11, 11, 54.57),
(139, 16, 11, 11, 60.35),
(140, 16, 11, 2, 27.48),
(141, 16, 11, 4, 44.49),
(142, 16, 11, 3, 45.53),
(143, 16, 11, 8, 52.82),
(144, 16, 11, 1, 53.91),
(145, 16, 11, 2, 4.91),
(146, 16, 11, 16, 15.14),
(147, 16, 11, 20, 61.93),
(148, 16, 11, 13, 68.4),
(149, 16, 11, 13, 32.73),
(150, 16, 11, 19, 44.58),
(151, 16, 11, 9, 6.26),
(152, 16, 11, 4, 60.37),
(153, 16, 11, 10, 23.19),
(154, 16, 9, 11, 38.64),
(155, 16, 9, 1, 42.59),
(156, 16, 9, 18, 44.81),
(157, 16, 9, 5, 35.19),
(158, 16, 9, 11, 27.07),
(159, 16, 9, 14, 23.12),
(160, 16, 9, 18, 20.98),
(161, 16, 9, 7, 12.99),
(162, 16, 9, 12, 40.21),
(163, 16, 9, 4, 23.82),
(164, 16, 9, 20, 36.61),
(165, 16, 9, 5, 29.94),
(166, 16, 9, 7, 17.34),
(167, 16, 9, 13, 41.83),
(168, 16, 10, 19, 28.48),
(169, 16, 10, 9, 17.79),
(170, 16, 10, 4, 24.96),
(171, 16, 10, 19, 24.97),
(172, 16, 10, 6, 4.05),
(173, 16, 10, 6, 17.3),
(174, 16, 10, 19, 24.3),
(175, 16, 10, 20, 30.42),
(176, 16, 10, 17, 38.46),
(177, 16, 10, 5, 38.47),
(178, 16, 10, 7, 9.17),
(179, 16, 10, 12, 24.06),
(180, 16, 10, 13, 26.64),
(181, 16, 10, 17, 34.19),
(182, 16, 10, 9, 36.55),
(183, 16, 10, 20, 11.13),
(184, 16, 10, 1, 38.35),
(1, 17, 11, 10, 43.25),
(2, 17, 11, 7, 16.67),
(3, 17, 11, 12, 34.13),
(4, 17, 11, 16, 44.13),
(5, 17, 11, 17, 62.03),
(6, 17, 11, 18, 23.44),
(7, 17, 11, 13, 37.47),
(8, 17, 11, 1, 1.76),
(9, 17, 11, 7, 61.97),
(10, 17, 11, 10, 63.46),
(11, 17, 11, 12, 17.67),
(12, 17, 11, 4, 9.22),
(13, 17, 11, 10, 31.94),
(14, 17, 11, 1, 61.9),
(15, 17, 11, 1, 50.3),
(16, 17, 11, 14, 25.18),
(17, 17, 11, 3, 23.26),
(18, 17, 11, 15, 32.85),
(19, 17, 11, 12, 28.83),
(20, 17, 11, 13, 33.56),
(21, 17, 11, 12, 5.82),
(22, 17, 11, 8, 41.53),
(23, 17, 11, 2, 2.84),
(24, 17, 11, 17, 52.28),
(25, 17, 11, 5, 9.52),
(26, 17, 11, 10, 56.82),
(27, 17, 11, 5, 4.35),
(28, 17, 11, 11, 7.01),
(29, 17, 11, 7, 6.26),
(30, 17, 11, 15, 38.05),
(31, 17, 11, 8, 38.22),
(32, 17, 11, 8, 24.07),
(33, 17, 11, 2, 19.36),
(34, 17, 11, 18, 58.24),
(35, 17, 11, 19, 63.42),
(36, 17, 11, 10, 10.96),
(37, 17, 11, 19, 38.89),
(38, 17, 11, 15, 32.41),
(39, 17, 11, 4, 5.08),
(40, 17, 11, 1, 24.33),
(41, 17, 11, 3, 30.23),
(42, 17, 11, 9, 57.22),
(43, 17, 11, 14, 51.66),
(44, 17, 11, 11, 24.67),
(45, 17, 11, 9, 7.14),
(46, 17, 11, 20, 42.76),
(47, 17, 11, 1, 8.81),
(48, 17, 11, 9, 4.82),
(49, 17, 11, 10, 32.03),
(50, 17, 11, 15, 12.99),
(51, 17, 11, 6, 31.45),
(52, 17, 11, 19, 15.45),
(53, 17, 11, 8, 12.03),
(54, 17, 11, 3, 31.53),
(55, 17, 11, 20, 14.18),
(56, 17, 11, 16, 18.05),
(57, 17, 11, 3, 58.08),
(58, 17, 11, 20, 34.59),
(59, 17, 11, 12, 40.9),
(60, 17, 11, 20, 2.52),
(61, 17, 11, 13, 11.66),
(62, 17, 11, 10, 26.1),
(63, 17, 11, 20, 23.63),
(64, 17, 11, 12, 52.87),
(65, 17, 11, 20, 23.76),
(66, 17, 11, 15, 14.11),
(67, 17, 11, 8, 48.54),
(68, 17, 11, 12, 16.26),
(69, 17, 11, 17, 47.04),
(70, 17, 11, 11, 33.39),
(71, 17, 11, 14, 49.33),
(72, 17, 11, 12, 17.26),
(73, 17, 11, 9, 35.32),
(74, 17, 11, 1, 47.39),
(75, 17, 11, 13, 49.79),
(76, 17, 11, 19, 23.39),
(77, 17, 11, 10, 22.25),
(78, 17, 11, 6, 5.32),
(79, 17, 11, 10, 9.64),
(80, 17, 11, 4, 48.85),
(81, 17, 11, 5, 10.3),
(82, 17, 11, 10, 54.57),
(83, 17, 11, 1, 32.58),
(84, 17, 11, 7, 30.56),
(85, 17, 11, 9, 14.95),
(86, 17, 11, 17, 11.33),
(87, 17, 11, 14, 39.64),
(88, 17, 11, 2, 66.42),
(89, 17, 11, 13, 57.1),
(90, 17, 11, 6, 21.51),
(91, 17, 11, 14, 11.75),
(92, 17, 11, 9, 49.8),
(93, 17, 11, 11, 34.86),
(94, 17, 11, 19, 65.86),
(95, 17, 11, 2, 42.59),
(96, 17, 11, 12, 53.84),
(97, 17, 11, 5, 30.66),
(98, 17, 11, 1, 14.01),
(99, 17, 11, 6, 46.2),
(100, 17, 11, 10, 23.02),
(101, 17, 11, 10, 31.36),
(102, 17, 11, 3, 31.74),
(103, 17, 11, 8, 23.28),
(104, 17, 11, 5, 28.43),
(105, 17, 11, 14, 31.05),
(106, 17, 11, 20, 58.35),
(107, 17, 11, 18, 5.56),
(108, 17, 11, 15, 64.59),
(109, 17, 11, 3, 39.25),
(110, 17, 11, 7, 26.81),
(111, 17, 11, 12, 21.71),
(112, 17, 11, 12, 63.54),
(113, 17, 11, 13, 64.2),
(114, 17, 11, 7, 43.18),
(115, 17, 11, 16, 56.58),
(116, 17, 11, 14, 59.82),
(117, 17, 11, 18, 18.25),
(118, 17, 11, 4, 20.45),
(119, 17, 11, 10, 7.18),
(120, 17, 11, 8, 63.9),
(121, 17, 11, 4, 26.73),
(122, 17, 11, 17, 9.35),
(123, 17, 11, 9, 20.11),
(124, 17, 11, 17, 56.11),
(125, 17, 11, 20, 38.67),
(126, 17, 11, 9, 45.05),
(127, 17, 11, 6, 61.32),
(128, 17, 11, 20, 32.46),
(129, 17, 11, 3, 1.46),
(130, 17, 11, 5, 22.05),
(131, 17, 11, 9, 1.06),
(132, 17, 11, 20, 2.41),
(133, 17, 11, 16, 39.15),
(134, 17, 11, 20, 13.41),
(135, 17, 11, 15, 33.1),
(136, 17, 11, 14, 32.25),
(137, 17, 11, 13, 67.25),
(138, 17, 11, 19, 1.18),
(139, 17, 11, 14, 21.01),
(140, 17, 11, 18, 22.72),
(141, 17, 11, 11, 62.09),
(142, 17, 11, 12, 68.85),
(143, 17, 11, 1, 66.06),
(144, 17, 11, 13, 17.19),
(145, 17, 11, 7, 43.18),
(146, 17, 11, 10, 16.2),
(147, 17, 11, 12, 13.54),
(148, 17, 11, 2, 25.97),
(149, 17, 11, 1, 65.68),
(150, 17, 11, 5, 20.12),
(151, 17, 11, 12, 40.34),
(152, 17, 11, 16, 5.78),
(153, 17, 11, 10, 23.09),
(154, 17, 9, 14, 1.25),
(155, 17, 9, 6, 12.44),
(156, 17, 9, 16, 44.48),
(157, 17, 9, 16, 13.45),
(158, 17, 9, 8, 32.25),
(159, 17, 9, 19, 45.23),
(160, 17, 9, 5, 39.48),
(161, 17, 9, 14, 47.17),
(162, 17, 9, 6, 7.1),
(163, 17, 9, 17, 9.46),
(164, 17, 9, 7, 25.87),
(165, 17, 9, 14, 9.69),
(166, 17, 9, 17, 32.45),
(167, 17, 9, 16, 47.25),
(168, 17, 10, 7, 15.49),
(169, 17, 10, 11, 18.33),
(170, 17, 10, 18, 39.03),
(171, 17, 10, 11, 13.97),
(172, 17, 10, 11, 12.79),
(173, 17, 10, 14, 35.56),
(174, 17, 10, 6, 5.24),
(175, 17, 10, 3, 4.39),
(176, 17, 10, 19, 4.97),
(177, 17, 10, 12, 25.89),
(178, 17, 10, 2, 20.52),
(179, 17, 10, 17, 36.79),
(180, 17, 10, 15, 9.1),
(181, 17, 10, 17, 33.32),
(182, 17, 10, 2, 2.24),
(183, 17, 10, 6, 1.38),
(184, 17, 10, 10, 41.3),
(1, 18, 11, 2, 43.41),
(2, 18, 11, 11, 3.38),
(3, 18, 11, 9, 55.21),
(4, 18, 11, 2, 30.18),
(5, 18, 11, 19, 55.99),
(6, 18, 11, 11, 50.8),
(7, 18, 11, 2, 21.57),
(8, 18, 11, 3, 35.08),
(9, 18, 11, 9, 59.94),
(10, 18, 11, 14, 22.88),
(11, 18, 11, 16, 11.87),
(12, 18, 11, 17, 45.3),
(13, 18, 11, 5, 28.75),
(14, 18, 11, 12, 21.2),
(15, 18, 11, 18, 65.05),
(16, 18, 11, 9, 19.87),
(17, 18, 11, 6, 20.8),
(18, 18, 11, 15, 50.03),
(19, 18, 11, 11, 35.56),
(20, 18, 11, 3, 12),
(21, 18, 11, 11, 55.85),
(22, 18, 11, 19, 29.01),
(23, 18, 11, 8, 63.69),
(24, 18, 11, 10, 5.36),
(25, 18, 11, 3, 54.98),
(26, 18, 11, 8, 30.24),
(27, 18, 11, 19, 36.36),
(28, 18, 11, 2, 67.64),
(29, 18, 11, 9, 58.42),
(30, 18, 11, 13, 35.82),
(31, 18, 11, 1, 33.75),
(32, 18, 11, 4, 54.29),
(33, 18, 11, 19, 5.81),
(34, 18, 11, 10, 66.73),
(35, 18, 11, 19, 34.25),
(36, 18, 11, 20, 66.91),
(37, 18, 11, 16, 52.52),
(38, 18, 11, 7, 32.7),
(39, 18, 11, 7, 1.74),
(40, 18, 11, 6, 1.53),
(41, 18, 11, 13, 10.06),
(42, 18, 11, 2, 48.1),
(43, 18, 11, 20, 59.19),
(44, 18, 11, 12, 11.08),
(45, 18, 11, 11, 45.76),
(46, 18, 11, 11, 6.08),
(47, 18, 11, 2, 58.51),
(48, 18, 11, 13, 19.21),
(49, 18, 11, 8, 19.78),
(50, 18, 11, 10, 66.96),
(51, 18, 11, 7, 64.59),
(52, 18, 11, 13, 10.27),
(53, 18, 11, 3, 12.27),
(54, 18, 11, 17, 59.89),
(55, 18, 11, 1, 8.26),
(56, 18, 11, 12, 68.78),
(57, 18, 11, 9, 43.17),
(58, 18, 11, 4, 1.46),
(59, 18, 11, 18, 45.22),
(60, 18, 11, 13, 38.66),
(61, 18, 11, 19, 11.28),
(62, 18, 11, 11, 31.06),
(63, 18, 11, 17, 41.44),
(64, 18, 11, 10, 9.78),
(65, 18, 11, 8, 50.75),
(66, 18, 11, 16, 18.45),
(67, 18, 11, 20, 55.72),
(68, 18, 11, 16, 49.6),
(69, 18, 11, 3, 2.76),
(70, 18, 11, 10, 6.97),
(71, 18, 11, 7, 62.95),
(72, 18, 11, 11, 9.84),
(73, 18, 11, 15, 60.23),
(74, 18, 11, 16, 58.32),
(75, 18, 11, 12, 44.9),
(76, 18, 11, 1, 27.71),
(77, 18, 11, 18, 39.33),
(78, 18, 11, 7, 11.38),
(79, 18, 11, 16, 36.25),
(80, 18, 11, 18, 13.81),
(81, 18, 11, 1, 36.11),
(82, 18, 11, 5, 13.69),
(83, 18, 11, 2, 65.28),
(84, 18, 11, 5, 54.27),
(85, 18, 11, 19, 65.24),
(86, 18, 11, 8, 35.28),
(87, 18, 11, 4, 42.8),
(88, 18, 11, 4, 2.17),
(89, 18, 11, 10, 16.05),
(90, 18, 11, 7, 27.66),
(91, 18, 11, 4, 60.08),
(92, 18, 11, 16, 1.66),
(93, 18, 11, 10, 13.97),
(94, 18, 11, 17, 43.24),
(95, 18, 11, 3, 41.25),
(96, 18, 11, 7, 23.08),
(97, 18, 11, 12, 37.2),
(98, 18, 11, 4, 52.42),
(99, 18, 11, 19, 64.05),
(100, 18, 11, 8, 26.9),
(101, 18, 11, 5, 36.59),
(102, 18, 11, 4, 16.07),
(103, 18, 11, 7, 50.66),
(104, 18, 11, 4, 39.68),
(105, 18, 11, 1, 54.17),
(106, 18, 11, 11, 61.03),
(107, 18, 11, 3, 61.86),
(108, 18, 11, 10, 9.58),
(109, 18, 11, 4, 61.93),
(110, 18, 11, 8, 7.73),
(111, 18, 11, 2, 22.12),
(112, 18, 11, 13, 27.42),
(113, 18, 11, 3, 6.08),
(114, 18, 11, 20, 13.89),
(115, 18, 11, 18, 13.93),
(116, 18, 11, 1, 12.93),
(117, 18, 11, 4, 59.76),
(118, 18, 11, 17, 3.74),
(119, 18, 11, 18, 3.93),
(120, 18, 11, 4, 32.04),
(121, 18, 11, 10, 10.92),
(122, 18, 11, 13, 57.04),
(123, 18, 11, 9, 67),
(124, 18, 11, 2, 22.55),
(125, 18, 11, 12, 30.28),
(126, 18, 11, 11, 42.18),
(127, 18, 11, 8, 28.53),
(128, 18, 11, 17, 8.35),
(129, 18, 11, 14, 60.65),
(130, 18, 11, 6, 25.4),
(131, 18, 11, 10, 28.4),
(132, 18, 11, 12, 21.32),
(133, 18, 11, 10, 62.97),
(134, 18, 11, 13, 15.33),
(135, 18, 11, 20, 61.28),
(136, 18, 11, 8, 51.42),
(137, 18, 11, 4, 56.19),
(138, 18, 11, 12, 67.57),
(139, 18, 11, 18, 25.12),
(140, 18, 11, 2, 56.28),
(141, 18, 11, 9, 36.44),
(142, 18, 11, 3, 61.5),
(143, 18, 11, 2, 62.98),
(144, 18, 11, 14, 57.24),
(145, 18, 11, 3, 51.37),
(146, 18, 11, 1, 44.87),
(147, 18, 11, 5, 54.51),
(148, 18, 11, 14, 56.23),
(149, 18, 11, 5, 6.27),
(150, 18, 11, 16, 68.86),
(151, 18, 11, 15, 10.18),
(152, 18, 11, 13, 9.97),
(153, 18, 11, 14, 19.71),
(154, 18, 9, 17, 6.12),
(155, 18, 9, 13, 23.52),
(156, 18, 9, 12, 5.34),
(157, 18, 9, 14, 43.47),
(158, 18, 9, 1, 32.47),
(159, 18, 9, 10, 1.24),
(160, 18, 9, 11, 47),
(161, 18, 9, 18, 38.94),
(162, 18, 9, 3, 25.1),
(163, 18, 9, 15, 9.18),
(164, 18, 9, 4, 8.68),
(165, 18, 9, 6, 19.4),
(166, 18, 9, 20, 1.48),
(167, 18, 9, 2, 12.33),
(168, 18, 10, 20, 24.71),
(169, 18, 10, 11, 9.3),
(170, 18, 10, 20, 5.69),
(171, 18, 10, 15, 24.03),
(172, 18, 10, 20, 13.75),
(173, 18, 10, 5, 27.33),
(174, 18, 10, 7, 0.59),
(175, 18, 10, 10, 27.04),
(176, 18, 10, 1, 0.08),
(177, 18, 10, 14, 23.91),
(178, 18, 10, 15, 13.61),
(179, 18, 10, 15, 28.59),
(180, 18, 10, 8, 32.7),
(181, 18, 10, 13, 4.68),
(182, 18, 10, 19, 21.8),
(183, 18, 10, 16, 15.96),
(184, 18, 10, 6, 14.06),
(1, 19, 11, 6, 29.87),
(2, 19, 11, 10, 51.99),
(3, 19, 11, 1, 63.31),
(4, 19, 11, 12, 56.97),
(5, 19, 11, 3, 20.51),
(6, 19, 11, 7, 52.16),
(7, 19, 11, 6, 45.93),
(8, 19, 11, 13, 47.65),
(9, 19, 11, 6, 8.21),
(10, 19, 11, 4, 61.66),
(11, 19, 11, 3, 52.79),
(12, 19, 11, 20, 5.44),
(13, 19, 11, 13, 29.09),
(14, 19, 11, 1, 24.56),
(15, 19, 11, 7, 19.72),
(16, 19, 11, 19, 60.34),
(17, 19, 11, 18, 59.17),
(18, 19, 11, 11, 40.56),
(19, 19, 11, 14, 33.25),
(20, 19, 11, 4, 11.22),
(21, 19, 11, 20, 47.96),
(22, 19, 11, 19, 18.63),
(23, 19, 11, 7, 8.23),
(24, 19, 11, 4, 53.65),
(25, 19, 11, 6, 58.59),
(26, 19, 11, 3, 62.94),
(27, 19, 11, 12, 21.22),
(28, 19, 11, 5, 58.32),
(29, 19, 11, 18, 64.36),
(30, 19, 11, 3, 33.55),
(31, 19, 11, 16, 59.82),
(32, 19, 11, 16, 22.57),
(33, 19, 11, 15, 21.24),
(34, 19, 11, 6, 59.92),
(35, 19, 11, 16, 29.23),
(36, 19, 11, 14, 28.21),
(37, 19, 11, 17, 68.56),
(38, 19, 11, 6, 14.56),
(39, 19, 11, 6, 57.67),
(40, 19, 11, 12, 58.13),
(41, 19, 11, 13, 47.98),
(42, 19, 11, 4, 10.92),
(43, 19, 11, 7, 18.43),
(44, 19, 11, 3, 59.72),
(45, 19, 11, 1, 68.14),
(46, 19, 11, 9, 25.31),
(47, 19, 11, 15, 0.81),
(48, 19, 11, 5, 67.78),
(49, 19, 11, 19, 10.9),
(50, 19, 11, 12, 14.22),
(51, 19, 11, 3, 28.36),
(52, 19, 11, 3, 30.3),
(53, 19, 11, 20, 31.68),
(54, 19, 11, 5, 11.68),
(55, 19, 11, 5, 26.74),
(56, 19, 11, 18, 56.88),
(57, 19, 11, 3, 27.27),
(58, 19, 11, 5, 54.72),
(59, 19, 11, 11, 32.5),
(60, 19, 11, 6, 40.82),
(61, 19, 11, 5, 29.88),
(62, 19, 11, 18, 51.94),
(63, 19, 11, 1, 25.05),
(64, 19, 11, 17, 58.26),
(65, 19, 11, 4, 49.4),
(66, 19, 11, 5, 18.76),
(67, 19, 11, 17, 43.95),
(68, 19, 11, 11, 53.35),
(69, 19, 11, 10, 18.42),
(70, 19, 11, 13, 52.56),
(71, 19, 11, 1, 4.6),
(72, 19, 11, 18, 63.56),
(73, 19, 11, 5, 30.54),
(74, 19, 11, 8, 49.21),
(75, 19, 11, 11, 14.09),
(76, 19, 11, 9, 48.26),
(77, 19, 11, 19, 43.83),
(78, 19, 11, 17, 57.75),
(79, 19, 11, 8, 14.36),
(80, 19, 11, 7, 10.55),
(81, 19, 11, 3, 15.62),
(82, 19, 11, 12, 31.31),
(83, 19, 11, 2, 63.58),
(84, 19, 11, 6, 38.25),
(85, 19, 11, 16, 21.95),
(86, 19, 11, 3, 17.34),
(87, 19, 11, 4, 22.88),
(88, 19, 11, 16, 14.21),
(89, 19, 11, 11, 56.64),
(90, 19, 11, 12, 15.03),
(91, 19, 11, 16, 40.32),
(92, 19, 11, 11, 29.89),
(93, 19, 11, 11, 10.04),
(94, 19, 11, 5, 61.09),
(95, 19, 11, 8, 29.7),
(96, 19, 11, 19, 31.79),
(97, 19, 11, 3, 45.42),
(98, 19, 11, 20, 36.08),
(99, 19, 11, 1, 50.52),
(100, 19, 11, 18, 42.77),
(101, 19, 11, 10, 55.97),
(102, 19, 11, 10, 55.51),
(103, 19, 11, 10, 59.1),
(104, 19, 11, 12, 41.43),
(105, 19, 11, 8, 38.32),
(106, 19, 11, 14, 61.61),
(107, 19, 11, 4, 19.36),
(108, 19, 11, 8, 19.09),
(109, 19, 11, 14, 68.41),
(110, 19, 11, 13, 44.38),
(111, 19, 11, 2, 16.03),
(112, 19, 11, 6, 2.47),
(113, 19, 11, 8, 43.82),
(114, 19, 11, 1, 3.9),
(115, 19, 11, 1, 40.13),
(116, 19, 11, 20, 24.52),
(117, 19, 11, 20, 64.36),
(118, 19, 11, 10, 67.76),
(119, 19, 11, 1, 67.64),
(120, 19, 11, 2, 43.63),
(121, 19, 11, 6, 1.87),
(122, 19, 11, 19, 4.9),
(123, 19, 11, 10, 17.46),
(124, 19, 11, 10, 17.98),
(125, 19, 11, 20, 53.3),
(126, 19, 11, 19, 67.59),
(127, 19, 11, 12, 2.64),
(128, 19, 11, 3, 66.18),
(129, 19, 11, 4, 0.08),
(130, 19, 11, 14, 23.45),
(131, 19, 11, 3, 5.77),
(132, 19, 11, 6, 41.03),
(133, 19, 11, 18, 19.27),
(134, 19, 11, 8, 5.84),
(135, 19, 11, 16, 10.08),
(136, 19, 11, 8, 25.44),
(137, 19, 11, 8, 4.19),
(138, 19, 11, 2, 16.66),
(139, 19, 11, 12, 34.99),
(140, 19, 11, 8, 34.58),
(141, 19, 11, 5, 64.63),
(142, 19, 11, 11, 34.68),
(143, 19, 11, 19, 57.56),
(144, 19, 11, 16, 27.71),
(145, 19, 11, 19, 53.42),
(146, 19, 11, 7, 17.13),
(147, 19, 11, 18, 34.14),
(148, 19, 11, 20, 22.89),
(149, 19, 11, 4, 18.87),
(150, 19, 11, 10, 30.22),
(151, 19, 11, 12, 9.29),
(152, 19, 11, 3, 63.57),
(153, 19, 11, 13, 46.26),
(154, 19, 9, 11, 36.27),
(155, 19, 9, 19, 24.44),
(156, 19, 9, 5, 45.13),
(157, 19, 9, 7, 33.36),
(158, 19, 9, 17, 47.19),
(159, 19, 9, 17, 26.37),
(160, 19, 9, 10, 13.71),
(161, 19, 9, 7, 36.32),
(162, 19, 9, 2, 31.72),
(163, 19, 9, 16, 33.98),
(164, 19, 9, 3, 14.38),
(165, 19, 9, 10, 20.16),
(166, 19, 9, 19, 46.95),
(167, 19, 9, 4, 25.09),
(168, 19, 10, 3, 9.74),
(169, 19, 10, 9, 4.1),
(170, 19, 10, 6, 36.74),
(171, 19, 10, 1, 18.76),
(172, 19, 10, 8, 2.14),
(173, 19, 10, 3, 0.43),
(174, 19, 10, 6, 22.37),
(175, 19, 10, 19, 39.76),
(176, 19, 10, 3, 17.12),
(177, 19, 10, 5, 15.34),
(178, 19, 10, 19, 36.5),
(179, 19, 10, 8, 34.09),
(180, 19, 10, 13, 39.98),
(181, 19, 10, 1, 35.42),
(182, 19, 10, 19, 23.42),
(183, 19, 10, 17, 30.08),
(184, 19, 10, 17, 35.02),
(1, 20, 11, 10, 51.23),
(2, 20, 11, 12, 15.61),
(3, 20, 11, 1, 14.6),
(4, 20, 11, 20, 76.15),
(5, 20, 11, 11, 112.48),
(6, 20, 11, 3, 33.23),
(7, 20, 11, 6, 21.77),
(8, 20, 11, 8, 76.21),
(9, 20, 11, 17, 35.83),
(10, 20, 11, 5, 82.69),
(11, 20, 11, 6, 36.73),
(12, 20, 11, 13, 9.77),
(13, 20, 11, 6, 166.02),
(14, 20, 11, 15, 58.79),
(15, 20, 11, 2, 72.9),
(16, 20, 11, 2, 90.9),
(17, 20, 11, 10, 82.82),
(18, 20, 11, 15, 9.66),
(19, 20, 11, 3, 92.47),
(20, 20, 11, 17, 40.49),
(21, 20, 11, 12, 132.85),
(22, 20, 11, 10, 40.54),
(23, 20, 11, 15, 13.34),
(24, 20, 11, 6, 74.64),
(25, 20, 11, 15, 10.84),
(26, 20, 11, 14, 150.95),
(27, 20, 11, 3, 100),
(28, 20, 11, 13, 10.76),
(29, 20, 11, 12, 121.94),
(30, 20, 11, 1, 118.23),
(31, 20, 11, 1, 38.21),
(32, 20, 11, 16, 39.09),
(33, 20, 11, 13, 42.75),
(34, 20, 11, 7, 44.26),
(35, 20, 11, 13, 56.5),
(36, 20, 11, 15, 85.04),
(37, 20, 11, 7, 155.36),
(38, 20, 11, 2, 27.85),
(39, 20, 11, 4, 130.96),
(40, 20, 11, 3, 34.26),
(41, 20, 11, 3, 165.37),
(42, 20, 11, 8, 127.16),
(43, 20, 11, 11, 83.23),
(44, 20, 11, 14, 74.31),
(45, 20, 11, 3, 76.02),
(46, 20, 11, 5, 79.26),
(47, 20, 11, 6, 30.13),
(48, 20, 11, 12, 52.3),
(49, 20, 11, 18, 167.92),
(50, 20, 11, 6, 65.05),
(51, 20, 11, 5, 7.44),
(52, 20, 11, 2, 71.63),
(53, 20, 11, 2, 124.41),
(54, 20, 11, 11, 63.57),
(55, 20, 11, 9, 88.73),
(56, 20, 11, 8, 8.78),
(57, 20, 11, 13, 16.52),
(58, 20, 11, 1, 150.42),
(59, 20, 11, 9, 39.47),
(60, 20, 11, 18, 86.32),
(61, 20, 11, 4, 147.14),
(62, 20, 11, 18, 162.39),
(63, 20, 11, 1, 27.29),
(64, 20, 11, 15, 136.17),
(65, 20, 11, 16, 92.5),
(66, 20, 11, 4, 109.77),
(67, 20, 11, 14, 79.74),
(68, 20, 11, 20, 159.39),
(69, 20, 11, 12, 84.99),
(70, 20, 11, 12, 2.39),
(71, 20, 11, 20, 97.92),
(72, 20, 11, 1, 33.47),
(73, 20, 11, 10, 164.66),
(74, 20, 11, 14, 67.9),
(75, 20, 11, 12, 105.78),
(76, 20, 11, 10, 38.14),
(77, 20, 11, 2, 15.71),
(78, 20, 11, 16, 44.03),
(79, 20, 11, 7, 134.47),
(80, 20, 11, 10, 15.54),
(81, 20, 11, 19, 75.66),
(82, 20, 11, 13, 134.06),
(83, 20, 11, 13, 141.31),
(84, 20, 11, 2, 158.46),
(85, 20, 11, 14, 60),
(86, 20, 11, 8, 72.24),
(87, 20, 11, 9, 66.24),
(88, 20, 11, 3, 92.76),
(89, 20, 11, 12, 124.31),
(90, 20, 11, 8, 74.07),
(91, 20, 11, 15, 167.51),
(92, 20, 11, 6, 53.56),
(93, 20, 11, 12, 108.67),
(94, 20, 11, 15, 148.03),
(95, 20, 11, 16, 55.68),
(96, 20, 11, 10, 70.84),
(97, 20, 11, 11, 97.65),
(98, 20, 11, 14, 133.8),
(99, 20, 11, 6, 123.61),
(100, 20, 11, 19, 38.92),
(101, 20, 11, 4, 135.58),
(102, 20, 11, 13, 52.5),
(103, 20, 11, 19, 35.13),
(104, 20, 11, 18, 6.29),
(105, 20, 11, 4, 66.76),
(106, 20, 11, 7, 90.87),
(107, 20, 11, 1, 167.75),
(108, 20, 11, 14, 52.15),
(109, 20, 11, 7, 5.05),
(110, 20, 11, 2, 70.86),
(111, 20, 11, 7, 168.03),
(112, 20, 11, 9, 127.79),
(113, 20, 11, 2, 79.06),
(114, 20, 11, 2, 29.21),
(115, 20, 11, 13, 131.81),
(116, 20, 11, 13, 79.96),
(117, 20, 11, 2, 111.58),
(118, 20, 11, 19, 46.15),
(119, 20, 11, 16, 53.61),
(120, 20, 11, 3, 67.18),
(121, 20, 11, 3, 80.06),
(122, 20, 11, 14, 60.02),
(123, 20, 11, 16, 31.16),
(124, 20, 11, 16, 14.08),
(125, 20, 11, 9, 152.89),
(126, 20, 11, 12, 0.61),
(127, 20, 11, 3, 76.97),
(128, 20, 11, 5, 62.81),
(129, 20, 11, 14, 59.96),
(130, 20, 11, 20, 158.14),
(131, 20, 11, 1, 1.27),
(132, 20, 11, 17, 45.48),
(133, 20, 11, 16, 68.11),
(134, 20, 11, 5, 120.98),
(135, 20, 11, 3, 132.75),
(136, 20, 11, 7, 165.82),
(137, 20, 11, 13, 118.91),
(138, 20, 11, 7, 109.43),
(139, 20, 11, 6, 15.99),
(140, 20, 11, 13, 24.97),
(141, 20, 11, 8, 52.46),
(142, 20, 11, 12, 165.04),
(143, 20, 11, 15, 40.74),
(144, 20, 11, 15, 28.98),
(145, 20, 11, 12, 159.24),
(146, 20, 11, 5, 58.22),
(147, 20, 11, 2, 71.44),
(148, 20, 11, 8, 134.5),
(149, 20, 11, 14, 84.25),
(150, 20, 11, 14, 83.03),
(151, 20, 11, 7, 146.95),
(152, 20, 11, 13, 157.73),
(153, 20, 11, 8, 139.43),
(154, 20, 11, 16, 35.28),
(155, 20, 11, 20, 39.62),
(156, 20, 11, 20, 125.61),
(157, 20, 11, 18, 123.28),
(158, 20, 11, 9, 91.88),
(159, 20, 11, 15, 114.34),
(160, 20, 11, 15, 76.21),
(161, 20, 11, 13, 107.75),
(162, 20, 11, 10, 94.14),
(163, 20, 11, 9, 9.28),
(164, 20, 11, 9, 65.51),
(165, 20, 11, 10, 1.4),
(166, 20, 11, 1, 47.75),
(167, 20, 11, 2, 59.44),
(168, 20, 11, 18, 85.54),
(169, 20, 11, 14, 21.64),
(170, 20, 11, 16, 1.88),
(171, 20, 11, 17, 63.87),
(172, 20, 11, 13, 56.09),
(173, 20, 11, 14, 105.57),
(174, 20, 11, 14, 44.4),
(175, 20, 11, 19, 95.72),
(176, 20, 11, 9, 38.4),
(177, 20, 11, 10, 127.73),
(178, 20, 11, 15, 83.81),
(179, 20, 11, 2, 50.74),
(180, 20, 11, 8, 111.05),
(181, 20, 11, 4, 128.43),
(182, 20, 11, 19, 110.91),
(183, 20, 11, 13, 102.2),
(184, 20, 11, 13, 66.25),
(1, 21, 1, 7, 89.14),
(2, 21, 1, 10, 194.2),
(3, 21, 1, 10, 122.06),
(4, 21, 1, 20, 121.29),
(5, 21, 1, 10, 187.07),
(6, 21, 1, 1, 3.47),
(7, 21, 1, 8, 163.41),
(8, 21, 1, 5, 60.76),
(9, 21, 1, 3, 120.85),
(10, 21, 1, 8, 109.74),
(11, 21, 1, 13, 27.07),
(12, 21, 1, 5, 195.75),
(13, 21, 1, 11, 133.98),
(14, 21, 1, 6, 113.81),
(15, 21, 1, 18, 97.26),
(16, 21, 11, 12, 132.2),
(17, 21, 11, 13, 5.46),
(18, 21, 11, 10, 3.1),
(19, 21, 11, 7, 58.78),
(20, 21, 11, 10, 14.23),
(21, 21, 11, 19, 108.54),
(22, 21, 11, 18, 142.11),
(23, 21, 11, 8, 9.34),
(24, 21, 11, 3, 195.47),
(25, 21, 11, 19, 219.38),
(26, 21, 11, 3, 172.91),
(27, 21, 11, 13, 206.73),
(28, 21, 11, 9, 47.07),
(29, 21, 11, 13, 49.23),
(30, 21, 11, 5, 232.44),
(31, 21, 11, 2, 67.37),
(32, 21, 11, 14, 239.99),
(33, 21, 11, 19, 148.81),
(34, 21, 11, 10, 173.19),
(35, 21, 11, 10, 208.59),
(36, 21, 11, 20, 82.67),
(37, 21, 11, 6, 96.45),
(38, 21, 11, 5, 52.39),
(39, 21, 11, 9, 138.73),
(40, 21, 11, 19, 84.36),
(41, 21, 11, 13, 115.65),
(42, 21, 11, 1, 79.5),
(43, 21, 11, 8, 247.64),
(44, 21, 11, 19, 80.83),
(45, 21, 11, 15, 16.14),
(46, 21, 11, 15, 248.35),
(47, 21, 11, 12, 86.71),
(48, 21, 11, 15, 98.2),
(49, 21, 11, 20, 244.57),
(50, 21, 11, 2, 150.97),
(51, 21, 11, 5, 4.68),
(52, 21, 11, 2, 71.75),
(53, 21, 11, 9, 59.98),
(54, 21, 11, 14, 91.21),
(55, 21, 11, 15, 159.94),
(56, 21, 11, 16, 238.13),
(57, 21, 11, 14, 24.77),
(58, 21, 11, 9, 161.55),
(59, 21, 11, 11, 243.45),
(60, 21, 11, 13, 237.55),
(61, 21, 11, 14, 161.11),
(62, 21, 11, 3, 115.95),
(63, 21, 11, 6, 71.07),
(64, 21, 11, 8, 60.2),
(65, 21, 11, 4, 223.19),
(66, 21, 11, 13, 193),
(67, 21, 11, 11, 237.34),
(68, 21, 11, 19, 190.38),
(69, 21, 11, 1, 38.73),
(70, 21, 11, 19, 2.75),
(71, 21, 11, 13, 200.23),
(72, 21, 11, 3, 216.47),
(73, 21, 11, 11, 146.67),
(74, 21, 11, 8, 225.95),
(75, 21, 11, 4, 91.36),
(76, 21, 11, 6, 54.87),
(77, 21, 11, 1, 216.79),
(78, 21, 11, 17, 67.14),
(79, 21, 11, 14, 54.43),
(80, 21, 11, 3, 223.32),
(81, 21, 11, 16, 67.65),
(82, 21, 11, 5, 94.67),
(83, 21, 11, 14, 154.2),
(84, 21, 11, 1, 149.53),
(85, 21, 11, 5, 240.91),
(86, 21, 11, 13, 74.05),
(87, 21, 11, 20, 95.22),
(88, 21, 11, 14, 92.27),
(89, 21, 11, 4, 104.09),
(90, 21, 11, 1, 160.21),
(91, 21, 11, 2, 18.01),
(92, 21, 11, 4, 83.81),
(93, 21, 2, 15, 43.55),
(94, 21, 2, 20, 75.06),
(95, 21, 2, 4, 54.62),
(96, 21, 2, 18, 121.92),
(97, 21, 2, 17, 55.63),
(98, 21, 2, 16, 101.82),
(99, 21, 2, 17, 99.68),
(100, 21, 2, 15, 91.47),
(101, 21, 2, 14, 123.19),
(102, 21, 2, 18, 15.16),
(103, 21, 2, 18, 147.9),
(104, 21, 2, 19, 110.79),
(105, 21, 2, 15, 37.87),
(106, 21, 2, 8, 97.26),
(107, 21, 2, 7, 135.32),
(108, 21, 11, 12, 93.8),
(109, 21, 11, 4, 28.06),
(110, 21, 11, 4, 63.71),
(111, 21, 11, 6, 126),
(112, 21, 11, 18, 5.17),
(113, 21, 11, 12, 153.67),
(114, 21, 11, 20, 242.33),
(115, 21, 11, 18, 111.04),
(116, 21, 11, 11, 93.26),
(117, 21, 11, 19, 83.24),
(118, 21, 11, 9, 141.92),
(119, 21, 11, 1, 122.76),
(120, 21, 11, 1, 101.57),
(121, 21, 11, 8, 52.49),
(122, 21, 11, 2, 9.86),
(123, 21, 11, 2, 63.04),
(124, 21, 11, 6, 208.7),
(125, 21, 11, 18, 100.99),
(126, 21, 11, 4, 105.34),
(127, 21, 11, 20, 216.31),
(128, 21, 11, 11, 182.74),
(129, 21, 11, 13, 82.11),
(130, 21, 11, 7, 187.2),
(131, 21, 11, 1, 57.72),
(132, 21, 11, 6, 242.51),
(133, 21, 11, 2, 28.47),
(134, 21, 11, 5, 59.03),
(135, 21, 11, 12, 120.46),
(136, 21, 11, 4, 29.15),
(137, 21, 11, 11, 23.87),
(138, 21, 11, 20, 58.48),
(139, 21, 11, 8, 206.5),
(140, 21, 11, 15, 106.43),
(141, 21, 11, 5, 240.8),
(142, 21, 11, 19, 8.41),
(143, 21, 11, 2, 6.26),
(144, 21, 11, 18, 244.19),
(145, 21, 11, 14, 200.25),
(146, 21, 11, 10, 164.52),
(147, 21, 11, 2, 150.73),
(148, 21, 11, 4, 180.1),
(149, 21, 11, 12, 63.11),
(150, 21, 11, 12, 115.64),
(151, 21, 11, 8, 84.21),
(152, 21, 11, 13, 136.29),
(153, 21, 11, 13, 169.92),
(154, 21, 11, 18, 81.03),
(155, 21, 11, 16, 181.21),
(156, 21, 11, 13, 98.73),
(157, 21, 11, 4, 232.94),
(158, 21, 11, 8, 196.75),
(159, 21, 11, 14, 243.92),
(160, 21, 11, 6, 190.53),
(161, 21, 11, 10, 137.56),
(162, 21, 11, 1, 252.34),
(163, 21, 11, 7, 225.7),
(164, 21, 11, 16, 38.95),
(165, 21, 11, 15, 104.13),
(166, 21, 11, 2, 18.75),
(167, 21, 11, 4, 28.65),
(168, 21, 11, 16, 62.69),
(169, 21, 11, 15, 184.89),
(170, 21, 11, 11, 60.37),
(171, 21, 11, 19, 173.02),
(172, 21, 11, 1, 34.06),
(173, 21, 11, 4, 77.84),
(174, 21, 11, 8, 75.39),
(175, 21, 11, 16, 11.8),
(176, 21, 11, 18, 154.55),
(177, 21, 11, 15, 17.01),
(178, 21, 11, 9, 168.11),
(179, 21, 11, 20, 45.32),
(180, 21, 11, 19, 16.52),
(181, 21, 11, 18, 193.49),
(182, 21, 11, 1, 107.42),
(183, 21, 11, 4, 159.64),
(184, 21, 11, 18, 130.44),
(1, 22, 1, 12, 139.4),
(2, 22, 1, 6, 80.39),
(3, 22, 1, 12, 65.82),
(4, 22, 1, 3, 145.73),
(5, 22, 1, 2, 56.11),
(6, 22, 1, 8, 76.17),
(7, 22, 1, 19, 2.73),
(8, 22, 1, 20, 185.7),
(9, 22, 1, 12, 187.91),
(10, 22, 1, 11, 72.98),
(11, 22, 1, 8, 172.41),
(12, 22, 1, 13, 68.39),
(13, 22, 1, 11, 140.65),
(14, 22, 1, 4, 140.47),
(15, 22, 1, 19, 44.54),
(16, 22, 11, 3, 246.82),
(17, 22, 11, 18, 62.92),
(18, 22, 11, 4, 114.71),
(19, 22, 11, 13, 207),
(20, 22, 11, 4, 149.46),
(21, 22, 11, 13, 19.95),
(22, 22, 11, 5, 23.88),
(23, 22, 11, 7, 243.37),
(24, 22, 11, 11, 71.31),
(25, 22, 11, 10, 143.21),
(26, 22, 11, 4, 134.98),
(27, 22, 11, 6, 71.07),
(28, 22, 11, 3, 18.42),
(29, 22, 11, 2, 100.36),
(30, 22, 11, 9, 120.95),
(31, 22, 11, 11, 108.07),
(32, 22, 11, 8, 106.47),
(33, 22, 11, 18, 103.14),
(34, 22, 11, 17, 98.79),
(35, 22, 11, 8, 143.94),
(36, 22, 11, 11, 83.65),
(37, 22, 11, 11, 11.07),
(38, 22, 11, 10, 187.14),
(39, 22, 11, 14, 132.9),
(40, 22, 11, 1, 0.42),
(41, 22, 11, 13, 0.8),
(42, 22, 11, 16, 0.88),
(43, 22, 11, 17, 7.64),
(44, 22, 11, 16, 70.86),
(45, 22, 11, 8, 31.39),
(46, 22, 11, 6, 65.16),
(47, 22, 11, 7, 63.51),
(48, 22, 11, 20, 90.45),
(49, 22, 11, 9, 133.41),
(50, 22, 11, 19, 250.84),
(51, 22, 11, 9, 138.63),
(52, 22, 11, 12, 184.65),
(53, 22, 11, 7, 1.02),
(54, 22, 11, 9, 47.77),
(55, 22, 11, 18, 124.81),
(56, 22, 11, 16, 99.92),
(57, 22, 11, 3, 168.35),
(58, 22, 11, 3, 169),
(59, 22, 11, 3, 130.22),
(60, 22, 11, 7, 38.91),
(61, 22, 11, 17, 18.9),
(62, 22, 11, 13, 142.91),
(63, 22, 11, 11, 78.01),
(64, 22, 11, 3, 219.31),
(65, 22, 11, 3, 38.81),
(66, 22, 11, 12, 73.6),
(67, 22, 11, 10, 79.2),
(68, 22, 11, 20, 68.93),
(69, 22, 11, 20, 240.04),
(70, 22, 11, 4, 98.44),
(71, 22, 11, 11, 88.15),
(72, 22, 11, 1, 241.89),
(73, 22, 11, 3, 249.78),
(74, 22, 11, 18, 135.95),
(75, 22, 11, 7, 150.54),
(76, 22, 11, 12, 234.97),
(77, 22, 11, 13, 49.97),
(78, 22, 11, 7, 90.02),
(79, 22, 11, 1, 58.82),
(80, 22, 11, 18, 245.32),
(81, 22, 11, 18, 44.64),
(82, 22, 11, 2, 218.31),
(83, 22, 11, 4, 84.93),
(84, 22, 11, 3, 151.75),
(85, 22, 11, 4, 139.28),
(86, 22, 11, 5, 159.82),
(87, 22, 11, 14, 32.24),
(88, 22, 11, 20, 80.11),
(89, 22, 11, 15, 207.29),
(90, 22, 11, 10, 3.02),
(91, 22, 11, 11, 9.15),
(92, 22, 11, 1, 189.17),
(93, 22, 2, 6, 129.03),
(94, 22, 2, 15, 150.64),
(95, 22, 2, 19, 134.07),
(96, 22, 2, 10, 132.75),
(97, 22, 2, 19, 148.01),
(98, 22, 2, 20, 150.49),
(99, 22, 2, 14, 89.65),
(100, 22, 2, 16, 33.33),
(101, 22, 2, 4, 44.79),
(102, 22, 2, 7, 30.24),
(103, 22, 2, 15, 121.95),
(104, 22, 2, 1, 55.44),
(105, 22, 2, 3, 59.07),
(106, 22, 2, 6, 108.89),
(107, 22, 2, 15, 107.14),
(108, 22, 11, 12, 179.8),
(109, 22, 11, 13, 65.3),
(110, 22, 11, 13, 237.22),
(111, 22, 11, 4, 26.69),
(112, 22, 11, 4, 124.44),
(113, 22, 11, 1, 135.55),
(114, 22, 11, 5, 48.66),
(115, 22, 11, 5, 16.79),
(116, 22, 11, 6, 2.62),
(117, 22, 11, 6, 33.9),
(118, 22, 11, 16, 108.77),
(119, 22, 11, 11, 135.35),
(120, 22, 11, 14, 240.26),
(121, 22, 11, 7, 217.93),
(122, 22, 11, 11, 242.96),
(123, 22, 11, 15, 157.28),
(124, 22, 11, 3, 238.4),
(125, 22, 11, 16, 175.84),
(126, 22, 11, 3, 52.44),
(127, 22, 11, 1, 102.88),
(128, 22, 11, 4, 209.66),
(129, 22, 11, 19, 227.61),
(130, 22, 11, 13, 64.84),
(131, 22, 11, 13, 172.96),
(132, 22, 11, 2, 114.37),
(133, 22, 11, 20, 138.94),
(134, 22, 11, 5, 129.72),
(135, 22, 11, 1, 55.6),
(136, 22, 11, 16, 29),
(137, 22, 11, 13, 107.51),
(138, 22, 11, 20, 72.13),
(139, 22, 11, 5, 70.9),
(140, 22, 11, 17, 70.82),
(141, 22, 11, 9, 38.16),
(142, 22, 11, 6, 156.05),
(143, 22, 11, 14, 97.59),
(144, 22, 11, 19, 132.61),
(145, 22, 11, 14, 148.88),
(146, 22, 11, 2, 90.18),
(147, 22, 11, 15, 83.93),
(148, 22, 11, 3, 187.59),
(149, 22, 11, 4, 119.22),
(150, 22, 11, 14, 125.13),
(151, 22, 11, 4, 115.11),
(152, 22, 11, 4, 150.78),
(153, 22, 11, 19, 76.56),
(154, 22, 11, 14, 185.95),
(155, 22, 11, 8, 36.9),
(156, 22, 11, 4, 57.31),
(157, 22, 11, 2, 124.78),
(158, 22, 11, 5, 82.12),
(159, 22, 11, 4, 156.8),
(160, 22, 11, 20, 220.95),
(161, 22, 11, 20, 31.57),
(162, 22, 11, 16, 160.82),
(163, 22, 11, 18, 94.68),
(164, 22, 11, 6, 106.38),
(165, 22, 11, 9, 168.1),
(166, 22, 11, 17, 134.47),
(167, 22, 11, 8, 89.58),
(168, 22, 11, 20, 153.33),
(169, 22, 11, 1, 179.05),
(170, 22, 11, 17, 30.03),
(171, 22, 11, 6, 30.97),
(172, 22, 11, 1, 111.82),
(173, 22, 11, 10, 145.66),
(174, 22, 11, 12, 19.26),
(175, 22, 11, 16, 175.86),
(176, 22, 11, 3, 201.83),
(177, 22, 11, 3, 41.8),
(178, 22, 11, 18, 206),
(179, 22, 11, 6, 42.14),
(180, 22, 11, 10, 153.24),
(181, 22, 11, 17, 135.26),
(182, 22, 11, 10, 109.8),
(183, 22, 11, 2, 80.93),
(184, 22, 11, 9, 249.77),
(1, 23, 1, 20, 4.06),
(2, 23, 1, 15, 39.06),
(3, 23, 1, 12, 166.69),
(4, 23, 1, 5, 50.1),
(5, 23, 1, 6, 190.19),
(6, 23, 1, 2, 1.36),
(7, 23, 1, 12, 79.78),
(8, 23, 1, 8, 45.84),
(9, 23, 1, 8, 193.81),
(10, 23, 1, 1, 170.96),
(11, 23, 1, 11, 179.55),
(12, 23, 1, 15, 128.88),
(13, 23, 1, 16, 172.28),
(14, 23, 1, 19, 194.81),
(15, 23, 1, 20, 182.61),
(16, 23, 11, 15, 217.02),
(17, 23, 11, 20, 82.51),
(18, 23, 11, 17, 148.15),
(19, 23, 11, 10, 135.05),
(20, 23, 11, 3, 124.3),
(21, 23, 11, 20, 222.95),
(22, 23, 11, 14, 18.4),
(23, 23, 11, 19, 103.72),
(24, 23, 11, 20, 195.6),
(25, 23, 11, 8, 74.38),
(26, 23, 11, 12, 23.72),
(27, 23, 11, 8, 241.28),
(28, 23, 11, 4, 61.67),
(29, 23, 11, 11, 93.9),
(30, 23, 11, 10, 21.8),
(31, 23, 11, 4, 223.66),
(32, 23, 11, 11, 137.29),
(33, 23, 11, 5, 161.78),
(34, 23, 11, 11, 148.25),
(35, 23, 11, 11, 250.54),
(36, 23, 11, 19, 19.77),
(37, 23, 11, 17, 172.33),
(38, 23, 11, 15, 54.95),
(39, 23, 11, 9, 6.92),
(40, 23, 11, 3, 157.26),
(41, 23, 11, 1, 117.15),
(42, 23, 11, 12, 88.18),
(43, 23, 11, 19, 29.64),
(44, 23, 11, 3, 94.09),
(45, 23, 11, 16, 89.08),
(46, 23, 11, 20, 72.64),
(47, 23, 11, 14, 95.3),
(48, 23, 11, 19, 74.92),
(49, 23, 11, 9, 96.06),
(50, 23, 11, 14, 186.76),
(51, 23, 11, 11, 206.51),
(52, 23, 11, 8, 177.31),
(53, 23, 11, 4, 191.84),
(54, 23, 11, 15, 126.99),
(55, 23, 11, 18, 120.55),
(56, 23, 11, 13, 14.66),
(57, 23, 11, 15, 163.02),
(58, 23, 11, 9, 109.9),
(59, 23, 11, 10, 208.91),
(60, 23, 11, 4, 23.49),
(61, 23, 11, 18, 40.08),
(62, 23, 11, 7, 163.17),
(63, 23, 11, 7, 98.65),
(64, 23, 11, 20, 25.62),
(65, 23, 11, 3, 164.66),
(66, 23, 11, 15, 240.45),
(67, 23, 11, 8, 165.71),
(68, 23, 11, 4, 135.28),
(69, 23, 11, 16, 52.8),
(70, 23, 11, 16, 146.14),
(71, 23, 11, 7, 49.52),
(72, 23, 11, 9, 208.44),
(73, 23, 11, 11, 110.01),
(74, 23, 11, 1, 30.44),
(75, 23, 11, 4, 19.58),
(76, 23, 11, 3, 116.22),
(77, 23, 11, 11, 114.26),
(78, 23, 11, 16, 187.42),
(79, 23, 11, 11, 123.8),
(80, 23, 11, 8, 81.49),
(81, 23, 11, 12, 168.92),
(82, 23, 11, 9, 174.51),
(83, 23, 11, 16, 107.31),
(84, 23, 11, 5, 83.95),
(85, 23, 11, 4, 149.37),
(86, 23, 11, 2, 252.2),
(87, 23, 11, 11, 127.49),
(88, 23, 11, 19, 86.9),
(89, 23, 11, 14, 23.63),
(90, 23, 11, 9, 66.8),
(91, 23, 11, 3, 22.97),
(92, 23, 11, 16, 153.07),
(93, 23, 2, 3, 72.66),
(94, 23, 2, 9, 73.23),
(95, 23, 2, 10, 6.36),
(96, 23, 2, 12, 145.71),
(97, 23, 2, 19, 125.07),
(98, 23, 2, 8, 25.53),
(99, 23, 2, 3, 25.5),
(100, 23, 2, 16, 142.42),
(101, 23, 2, 13, 85.6),
(102, 23, 2, 16, 68.95),
(103, 23, 2, 1, 103.04),
(104, 23, 2, 3, 142.94),
(105, 23, 2, 14, 2.4),
(106, 23, 2, 5, 42.99),
(107, 23, 2, 6, 126.5),
(108, 23, 11, 18, 123.51),
(109, 23, 11, 9, 70.28),
(110, 23, 11, 7, 224.69),
(111, 23, 11, 18, 84.19),
(112, 23, 11, 6, 141.25),
(113, 23, 11, 15, 136),
(114, 23, 11, 5, 1.02),
(115, 23, 11, 16, 54.93),
(116, 23, 11, 6, 253.09),
(117, 23, 11, 16, 198.87),
(118, 23, 11, 4, 87.57),
(119, 23, 11, 16, 18.2),
(120, 23, 11, 5, 27.12),
(121, 23, 11, 20, 153.69),
(122, 23, 11, 20, 15.92),
(123, 23, 11, 12, 249.69),
(124, 23, 11, 20, 112.01),
(125, 23, 11, 14, 190.6),
(126, 23, 11, 4, 51.66),
(127, 23, 11, 19, 110.34),
(128, 23, 11, 15, 102.11),
(129, 23, 11, 11, 165.29),
(130, 23, 11, 14, 105.12),
(131, 23, 11, 7, 110.01),
(132, 23, 11, 9, 14.81),
(133, 23, 11, 3, 46.57),
(134, 23, 11, 13, 226.51),
(135, 23, 11, 6, 232.01),
(136, 23, 11, 1, 56.9),
(137, 23, 11, 18, 173.88),
(138, 23, 11, 11, 150.39),
(139, 23, 11, 2, 95.48),
(140, 23, 11, 6, 200.73),
(141, 23, 11, 4, 57.06),
(142, 23, 11, 5, 171.08),
(143, 23, 11, 6, 195.18),
(144, 23, 11, 14, 77.28),
(145, 23, 11, 16, 28.1),
(146, 23, 11, 2, 53.34),
(147, 23, 11, 18, 162.64),
(148, 23, 11, 12, 79.83),
(149, 23, 11, 20, 207.87),
(150, 23, 11, 1, 207.05),
(151, 23, 11, 4, 225.3),
(152, 23, 11, 20, 242.15),
(153, 23, 11, 8, 253.46),
(154, 23, 11, 8, 42.86),
(155, 23, 11, 19, 58.35),
(156, 23, 11, 11, 204.77),
(157, 23, 11, 14, 42.51),
(158, 23, 11, 6, 151.78),
(159, 23, 11, 4, 218.3),
(160, 23, 11, 3, 93.44),
(161, 23, 11, 5, 17.86),
(162, 23, 11, 12, 161.13),
(163, 23, 11, 11, 33.26),
(164, 23, 11, 4, 17.66),
(165, 23, 11, 2, 149.77),
(166, 23, 11, 2, 219.85),
(167, 23, 11, 4, 48.41),
(168, 23, 11, 5, 173.28),
(169, 23, 11, 3, 23.92),
(170, 23, 11, 10, 136.55),
(171, 23, 11, 8, 207.56),
(172, 23, 11, 8, 251.02),
(173, 23, 11, 7, 216.2),
(174, 23, 11, 19, 3.17),
(175, 23, 11, 18, 117.38),
(176, 23, 11, 5, 92.39),
(177, 23, 11, 9, 215.07),
(178, 23, 11, 1, 120.81),
(179, 23, 11, 1, 12.55),
(180, 23, 11, 10, 35.26),
(181, 23, 11, 10, 67.69),
(182, 23, 11, 1, 132.32),
(183, 23, 11, 6, 126.04),
(184, 23, 11, 20, 78.11),
(1, 24, 1, 11, 129.71),
(2, 24, 1, 16, 196.98),
(3, 24, 1, 18, 98.14),
(4, 24, 1, 2, 98.45),
(5, 24, 1, 10, 172.77),
(6, 24, 1, 14, 150.71),
(7, 24, 1, 10, 72.51),
(8, 24, 1, 14, 131.59),
(9, 24, 1, 19, 46.31),
(10, 24, 1, 3, 75.08),
(11, 24, 1, 6, 28.08),
(12, 24, 1, 7, 59.61),
(13, 24, 1, 10, 96.84),
(14, 24, 1, 5, 147.04),
(15, 24, 1, 10, 168.96),
(16, 24, 11, 6, 228.82),
(17, 24, 11, 4, 154.31),
(18, 24, 11, 7, 102.61),
(19, 24, 11, 1, 40.71),
(20, 24, 11, 10, 77.85),
(21, 24, 11, 4, 186.59),
(22, 24, 11, 5, 190.57),
(23, 24, 11, 17, 188.41),
(24, 24, 11, 12, 211.06),
(25, 24, 11, 10, 34.14),
(26, 24, 11, 9, 241.59),
(27, 24, 11, 1, 236.99),
(28, 24, 11, 11, 15.99),
(29, 24, 11, 18, 49.21),
(30, 24, 11, 9, 109.27),
(31, 24, 11, 10, 227.88),
(32, 24, 11, 6, 217.28),
(33, 24, 11, 20, 157.47),
(34, 24, 11, 20, 122.75),
(35, 24, 11, 4, 237.38),
(36, 24, 11, 4, 155.43),
(37, 24, 11, 14, 226.43),
(38, 24, 11, 5, 45),
(39, 24, 11, 15, 16.3),
(40, 24, 11, 4, 199.09),
(41, 24, 11, 9, 243.67),
(42, 24, 11, 7, 122.49),
(43, 24, 11, 19, 213.81),
(44, 24, 11, 13, 164.57),
(45, 24, 11, 9, 51.46),
(46, 24, 11, 3, 170.18),
(47, 24, 11, 14, 115.77),
(48, 24, 11, 20, 20.68),
(49, 24, 11, 1, 62.32),
(50, 24, 11, 6, 121.11),
(51, 24, 11, 1, 213.64),
(52, 24, 11, 1, 102.39),
(53, 24, 11, 7, 128.51),
(54, 24, 11, 8, 112.65),
(55, 24, 11, 5, 144.58),
(56, 24, 11, 11, 152.64),
(57, 24, 11, 4, 133.84),
(58, 24, 11, 19, 64.77),
(59, 24, 11, 3, 15.87),
(60, 24, 11, 3, 179.68),
(61, 24, 11, 16, 48.14),
(62, 24, 11, 19, 114.66),
(63, 24, 11, 2, 130.96),
(64, 24, 11, 9, 226.98),
(65, 24, 11, 15, 163.11),
(66, 24, 11, 18, 247.97),
(67, 24, 11, 7, 251.9),
(68, 24, 11, 15, 80.78),
(69, 24, 11, 19, 151.81),
(70, 24, 11, 19, 203.04),
(71, 24, 11, 10, 157.82),
(72, 24, 11, 8, 193.02),
(73, 24, 11, 10, 165.82),
(74, 24, 11, 9, 45.25),
(75, 24, 11, 4, 13.32),
(76, 24, 11, 19, 132.58),
(77, 24, 11, 9, 221.31),
(78, 24, 11, 1, 44.21),
(79, 24, 11, 11, 39.64),
(80, 24, 11, 13, 141.98),
(81, 24, 11, 4, 155.46),
(82, 24, 11, 12, 107.34),
(83, 24, 11, 19, 249.38),
(84, 24, 11, 4, 222.33),
(85, 24, 11, 17, 151.4),
(86, 24, 11, 17, 132.88),
(87, 24, 11, 9, 93.36),
(88, 24, 11, 19, 153.6),
(89, 24, 11, 13, 119.52),
(90, 24, 11, 10, 59.94),
(91, 24, 11, 14, 70.3),
(92, 24, 11, 1, 177.29),
(93, 24, 2, 3, 6.19),
(94, 24, 2, 9, 29.89),
(95, 24, 2, 4, 66.67),
(96, 24, 2, 18, 108.26),
(97, 24, 2, 17, 26.31),
(98, 24, 2, 20, 112.28),
(99, 24, 2, 17, 121.69),
(100, 24, 2, 1, 136.8),
(101, 24, 2, 7, 27.83),
(102, 24, 2, 5, 113.63),
(103, 24, 2, 16, 35.62),
(104, 24, 2, 3, 40.37),
(105, 24, 2, 19, 128.84),
(106, 24, 2, 20, 131.35),
(107, 24, 2, 11, 26.74),
(108, 24, 11, 14, 225.16),
(109, 24, 11, 20, 169.64),
(110, 24, 11, 6, 85.29),
(111, 24, 11, 14, 251.95),
(112, 24, 11, 17, 147.23),
(113, 24, 11, 3, 213.38),
(114, 24, 11, 13, 204.57),
(115, 24, 11, 17, 160.18),
(116, 24, 11, 4, 168.82),
(117, 24, 11, 17, 110.15),
(118, 24, 11, 15, 118.14),
(119, 24, 11, 2, 231.03),
(120, 24, 11, 5, 206.81),
(121, 24, 11, 15, 139.59),
(122, 24, 11, 1, 39.99),
(123, 24, 11, 7, 0.53),
(124, 24, 11, 11, 206.72),
(125, 24, 11, 20, 69.2),
(126, 24, 11, 9, 165.54),
(127, 24, 11, 8, 140.32),
(128, 24, 11, 15, 40.37),
(129, 24, 11, 14, 39.94),
(130, 24, 11, 10, 96.69),
(131, 24, 11, 16, 194.6),
(132, 24, 11, 2, 147.51),
(133, 24, 11, 6, 88.16),
(134, 24, 11, 18, 247.68),
(135, 24, 11, 17, 30.95),
(136, 24, 11, 9, 85.96),
(137, 24, 11, 14, 196.92),
(138, 24, 11, 11, 124.96),
(139, 24, 11, 11, 73.69),
(140, 24, 11, 5, 250.53),
(141, 24, 11, 18, 12.86),
(142, 24, 11, 6, 121.49),
(143, 24, 11, 9, 193.6),
(144, 24, 11, 14, 143.37),
(145, 24, 11, 3, 96.47),
(146, 24, 11, 18, 228.79),
(147, 24, 11, 13, 166.22),
(148, 24, 11, 8, 243.19),
(149, 24, 11, 12, 178.9),
(150, 24, 11, 5, 144.49),
(151, 24, 11, 4, 2.74),
(152, 24, 11, 1, 197.58),
(153, 24, 11, 13, 23.06),
(154, 24, 11, 10, 2.56),
(155, 24, 11, 3, 138.33),
(156, 24, 11, 6, 241.11),
(157, 24, 11, 8, 123.67),
(158, 24, 11, 8, 146.11),
(159, 24, 11, 12, 165.72),
(160, 24, 11, 7, 240.23),
(161, 24, 11, 6, 182.48),
(162, 24, 11, 5, 179.82),
(163, 24, 11, 8, 154.16),
(164, 24, 11, 18, 109.18),
(165, 24, 11, 13, 205.51),
(166, 24, 11, 15, 51.22),
(167, 24, 11, 17, 243.51),
(168, 24, 11, 1, 205.47),
(169, 24, 11, 6, 242.49),
(170, 24, 11, 5, 183.07),
(171, 24, 11, 20, 208.05),
(172, 24, 11, 13, 80.48),
(173, 24, 11, 16, 202.48),
(174, 24, 11, 5, 37.52),
(175, 24, 11, 19, 52.65),
(176, 24, 11, 15, 187.54),
(177, 24, 11, 2, 162.64),
(178, 24, 11, 13, 81.64),
(179, 24, 11, 11, 16.21),
(180, 24, 11, 19, 14.57),
(181, 24, 11, 13, 59.37),
(182, 24, 11, 17, 107.69),
(183, 24, 11, 7, 243.95),
(184, 24, 11, 15, 142.02),
(1, 25, 11, 17, 13.77),
(2, 25, 11, 10, 21.85),
(3, 25, 11, 3, 17.48),
(4, 25, 11, 19, 18.94),
(5, 25, 11, 16, 37.16),
(6, 25, 11, 13, 35.72),
(7, 25, 11, 8, 43.76),
(8, 25, 11, 18, 46.07),
(9, 25, 11, 14, 4.87),
(10, 25, 11, 12, 55.81),
(11, 25, 11, 13, 72.3),
(12, 25, 11, 20, 52.77),
(13, 25, 11, 5, 34.18),
(14, 25, 11, 17, 4.21),
(15, 25, 11, 20, 44.38),
(16, 25, 11, 12, 69.38),
(17, 25, 11, 5, 31.53),
(18, 25, 11, 1, 37.05),
(19, 25, 11, 10, 59.27),
(20, 25, 11, 16, 30.14),
(21, 25, 11, 16, 32.08),
(22, 25, 11, 9, 54.15),
(23, 25, 11, 8, 26.27),
(24, 25, 11, 14, 27),
(25, 25, 11, 2, 44.62),
(26, 25, 11, 20, 35.51),
(27, 25, 11, 10, 70.04),
(28, 25, 11, 3, 67.25),
(29, 25, 11, 6, 61.94),
(30, 25, 11, 10, 28.66),
(31, 25, 11, 15, 72.44),
(32, 25, 11, 5, 70.13),
(33, 25, 11, 2, 16.02),
(34, 25, 11, 3, 7.44),
(35, 25, 11, 5, 41.17),
(36, 25, 11, 18, 28.74),
(37, 25, 11, 18, 45.67),
(38, 25, 11, 2, 43.07),
(39, 25, 11, 4, 55.76),
(40, 25, 11, 9, 43.34),
(41, 25, 3, 18, 47.42),
(42, 25, 3, 13, 52.66),
(43, 25, 3, 11, 11.47),
(44, 25, 3, 4, 58.04),
(45, 25, 3, 9, 8.07),
(46, 25, 3, 6, 18.81),
(47, 25, 3, 13, 19.63),
(48, 25, 3, 19, 48.4),
(49, 25, 11, 20, 34.96),
(50, 25, 11, 4, 14.85),
(51, 25, 11, 10, 34.41),
(52, 25, 11, 13, 65.94),
(53, 25, 11, 20, 19.17),
(54, 25, 11, 4, 59.28),
(55, 25, 11, 4, 15.37),
(56, 25, 11, 1, 9.99),
(57, 25, 11, 12, 6.06),
(58, 25, 11, 2, 42.73),
(59, 25, 11, 13, 32.32),
(60, 25, 11, 9, 66.88),
(61, 25, 11, 17, 6.78),
(62, 25, 11, 9, 8.76),
(63, 25, 11, 13, 37.36);
INSERT INTO `SalesFact` (`time_key`, `product_key`, `promotion_key`, `store_key`, `dollar_sales`) VALUES
(64, 25, 11, 4, 8.37),
(65, 25, 11, 11, 33.52),
(66, 25, 11, 6, 46.58),
(67, 25, 11, 17, 35.9),
(68, 25, 11, 19, 47.9),
(69, 25, 11, 7, 72.31),
(70, 25, 11, 9, 7.8),
(71, 25, 11, 12, 67.87),
(72, 25, 11, 14, 28.56),
(73, 25, 11, 20, 7.06),
(74, 25, 11, 7, 26.83),
(75, 25, 11, 16, 18.94),
(76, 25, 11, 17, 61.7),
(77, 25, 11, 5, 2.28),
(78, 25, 11, 12, 45.21),
(79, 25, 11, 2, 42.16),
(80, 25, 11, 12, 41.09),
(81, 25, 11, 16, 21.85),
(82, 25, 11, 7, 24.08),
(83, 25, 11, 20, 12.45),
(84, 25, 11, 7, 48.34),
(85, 25, 11, 8, 27.72),
(86, 25, 11, 11, 28),
(87, 25, 11, 17, 28.45),
(88, 25, 11, 6, 41.68),
(89, 25, 11, 1, 49.95),
(90, 25, 11, 1, 33.19),
(91, 25, 11, 14, 50.79),
(92, 25, 11, 7, 4.1),
(93, 25, 11, 14, 54.65),
(94, 25, 11, 6, 48.08),
(95, 25, 11, 12, 73.15),
(96, 25, 11, 6, 36.39),
(97, 25, 11, 20, 50.76),
(98, 25, 11, 18, 31.8),
(99, 25, 11, 14, 17.84),
(100, 25, 11, 1, 27.5),
(101, 25, 11, 8, 68.29),
(102, 25, 11, 16, 51.5),
(103, 25, 4, 12, 17.09),
(104, 25, 4, 11, 4.87),
(105, 25, 4, 12, 7.81),
(106, 25, 4, 9, 17.08),
(107, 25, 4, 11, 51.32),
(108, 25, 4, 7, 62.02),
(109, 25, 4, 17, 56.17),
(110, 25, 4, 15, 47.71),
(111, 25, 11, 20, 73.22),
(112, 25, 11, 10, 47.57),
(113, 25, 11, 7, 7),
(114, 25, 11, 6, 7.28),
(115, 25, 11, 1, 38.48),
(116, 25, 11, 17, 20.5),
(117, 25, 11, 16, 57.25),
(118, 25, 11, 13, 15.89),
(119, 25, 11, 17, 2.16),
(120, 25, 11, 5, 40.71),
(121, 25, 11, 18, 68.3),
(122, 25, 11, 10, 67.03),
(123, 25, 11, 2, 8.07),
(124, 25, 11, 6, 52.55),
(125, 25, 11, 12, 49.04),
(126, 25, 11, 7, 66.4),
(127, 25, 11, 9, 37.83),
(128, 25, 11, 15, 51.35),
(129, 25, 11, 5, 47.18),
(130, 25, 11, 6, 38.2),
(131, 25, 11, 16, 24.21),
(132, 25, 11, 19, 43.12),
(133, 25, 11, 14, 36.08),
(134, 25, 11, 1, 19.94),
(135, 25, 11, 9, 49.1),
(136, 25, 11, 20, 60.05),
(137, 25, 11, 7, 10.5),
(138, 25, 11, 17, 65.28),
(139, 25, 11, 7, 1.93),
(140, 25, 11, 9, 43.63),
(141, 25, 11, 16, 69.33),
(142, 25, 11, 10, 20.62),
(143, 25, 11, 10, 53.24),
(144, 25, 11, 6, 27.8),
(145, 25, 11, 10, 55.42),
(146, 25, 11, 18, 60.63),
(147, 25, 11, 2, 65.3),
(148, 25, 11, 16, 62.95),
(149, 25, 11, 18, 6.01),
(150, 25, 11, 19, 51.39),
(151, 25, 11, 15, 43.23),
(152, 25, 11, 9, 66.43),
(153, 25, 11, 12, 11.02),
(154, 25, 11, 1, 43.92),
(155, 25, 11, 2, 65.02),
(156, 25, 11, 12, 49.61),
(157, 25, 11, 17, 49),
(158, 25, 11, 5, 16.61),
(159, 25, 11, 3, 43.24),
(160, 25, 11, 16, 66.91),
(161, 25, 11, 17, 50.79),
(162, 25, 11, 7, 61.34),
(163, 25, 11, 16, 52.32),
(164, 25, 11, 13, 1.31),
(165, 25, 11, 1, 14.62),
(166, 25, 11, 19, 40.77),
(167, 25, 11, 20, 59.89),
(168, 25, 11, 8, 38.36),
(169, 25, 11, 3, 67.82),
(170, 25, 11, 5, 27.63),
(171, 25, 11, 14, 35.07),
(172, 25, 11, 11, 22.13),
(173, 25, 11, 2, 37.48),
(174, 25, 11, 9, 30.46),
(175, 25, 11, 2, 11.21),
(176, 25, 11, 20, 67.98),
(177, 25, 11, 18, 7.34),
(178, 25, 11, 8, 2.46),
(179, 25, 11, 7, 49.3),
(180, 25, 11, 12, 44.16),
(181, 25, 11, 9, 64.14),
(182, 25, 11, 1, 63.7),
(183, 25, 11, 6, 9.39),
(184, 25, 11, 17, 55.25),
(1, 26, 11, 14, 41.42),
(2, 26, 11, 3, 38.31),
(3, 26, 11, 10, 2.01),
(4, 26, 11, 8, 62.1),
(5, 26, 11, 11, 16.85),
(6, 26, 11, 18, 39.04),
(7, 26, 11, 8, 49.29),
(8, 26, 11, 5, 34.51),
(9, 26, 11, 9, 19.36),
(10, 26, 11, 6, 41.19),
(11, 26, 11, 2, 58.62),
(12, 26, 11, 14, 48.88),
(13, 26, 11, 16, 48.67),
(14, 26, 11, 4, 62.9),
(15, 26, 11, 16, 35.06),
(16, 26, 11, 20, 36.67),
(17, 26, 11, 5, 39.68),
(18, 26, 11, 3, 69.84),
(19, 26, 11, 1, 18.19),
(20, 26, 11, 16, 65.81),
(21, 26, 11, 5, 65.75),
(22, 26, 11, 19, 45.28),
(23, 26, 11, 20, 37.35),
(24, 26, 11, 11, 52.42),
(25, 26, 11, 1, 45.85),
(26, 26, 11, 1, 5),
(27, 26, 11, 15, 11.68),
(28, 26, 11, 3, 5.42),
(29, 26, 11, 16, 58.08),
(30, 26, 11, 8, 30.6),
(31, 26, 11, 5, 36.11),
(32, 26, 11, 17, 69.03),
(33, 26, 11, 20, 10.06),
(34, 26, 11, 12, 27.17),
(35, 26, 11, 7, 24.19),
(36, 26, 11, 13, 69.14),
(37, 26, 11, 20, 62.72),
(38, 26, 11, 6, 13.86),
(39, 26, 11, 18, 30.79),
(40, 26, 11, 12, 33.56),
(41, 26, 3, 1, 43.45),
(42, 26, 3, 11, 65.31),
(43, 26, 3, 9, 5.22),
(44, 26, 3, 8, 69.11),
(45, 26, 3, 7, 53.6),
(46, 26, 3, 17, 50.94),
(47, 26, 3, 17, 3.64),
(48, 26, 3, 15, 36.64),
(49, 26, 11, 9, 65.39),
(50, 26, 11, 1, 54.15),
(51, 26, 11, 10, 52.44),
(52, 26, 11, 1, 52.87),
(53, 26, 11, 18, 51.69),
(54, 26, 11, 16, 1.34),
(55, 26, 11, 5, 29.91),
(56, 26, 11, 4, 55.18),
(57, 26, 11, 4, 60.69),
(58, 26, 11, 2, 44.39),
(59, 26, 11, 7, 7.38),
(60, 26, 11, 4, 46.16),
(61, 26, 11, 14, 14.85),
(62, 26, 11, 2, 5.91),
(63, 26, 11, 18, 20.64),
(64, 26, 11, 3, 62.66),
(65, 26, 11, 9, 42.88),
(66, 26, 11, 5, 18.98),
(67, 26, 11, 17, 6.76),
(68, 26, 11, 5, 16.13),
(69, 26, 11, 6, 21.47),
(70, 26, 11, 10, 9.15),
(71, 26, 11, 12, 53.37),
(72, 26, 11, 11, 65.86),
(73, 26, 11, 5, 17.45),
(74, 26, 11, 20, 3.39),
(75, 26, 11, 3, 4.67),
(76, 26, 11, 10, 55.13),
(77, 26, 11, 5, 13.32),
(78, 26, 11, 17, 16.39),
(79, 26, 11, 19, 41.44),
(80, 26, 11, 16, 68.14),
(81, 26, 11, 17, 18.62),
(82, 26, 11, 6, 28.78),
(83, 26, 11, 4, 24.54),
(84, 26, 11, 18, 32.01),
(85, 26, 11, 13, 32.03),
(86, 26, 11, 20, 42.34),
(87, 26, 11, 10, 13.19),
(88, 26, 11, 17, 22.89),
(89, 26, 11, 16, 56.21),
(90, 26, 11, 10, 72.3),
(91, 26, 11, 11, 56),
(92, 26, 11, 17, 7.58),
(93, 26, 11, 7, 44.37),
(94, 26, 11, 1, 66.5),
(95, 26, 11, 11, 31.08),
(96, 26, 11, 18, 62.36),
(97, 26, 11, 4, 21.22),
(98, 26, 11, 17, 69.12),
(99, 26, 11, 17, 18.29),
(100, 26, 11, 12, 18.27),
(101, 26, 11, 7, 36.05),
(102, 26, 11, 10, 47.52),
(103, 26, 4, 13, 39.1),
(104, 26, 4, 4, 35.12),
(105, 26, 4, 10, 17.36),
(106, 26, 4, 14, 45.22),
(107, 26, 4, 7, 70.12),
(108, 26, 4, 1, 14.36),
(109, 26, 4, 16, 33.24),
(110, 26, 4, 13, 41.21),
(111, 26, 11, 2, 39.22),
(112, 26, 11, 4, 13.95),
(113, 26, 11, 19, 37.01),
(114, 26, 11, 12, 47.57),
(115, 26, 11, 18, 65.55),
(116, 26, 11, 14, 61.25),
(117, 26, 11, 15, 6.16),
(118, 26, 11, 1, 4.96),
(119, 26, 11, 20, 56.45),
(120, 26, 11, 4, 57.6),
(121, 26, 11, 8, 26.22),
(122, 26, 11, 17, 64),
(123, 26, 11, 10, 57.72),
(124, 26, 11, 13, 68.97),
(125, 26, 11, 13, 25.46),
(126, 26, 11, 8, 2.98),
(127, 26, 11, 6, 34.27),
(128, 26, 11, 10, 62.54),
(129, 26, 11, 7, 46.74),
(130, 26, 11, 11, 73.31),
(131, 26, 11, 18, 66.02),
(132, 26, 11, 6, 29.81),
(133, 26, 11, 17, 54.62),
(134, 26, 11, 17, 60.18),
(135, 26, 11, 6, 7.44),
(136, 26, 11, 5, 45.93),
(137, 26, 11, 20, 64.87),
(138, 26, 11, 5, 58.55),
(139, 26, 11, 11, 28.57),
(140, 26, 11, 6, 10.35),
(141, 26, 11, 19, 24.49),
(142, 26, 11, 3, 38.99),
(143, 26, 11, 13, 70.53),
(144, 26, 11, 11, 21.27),
(145, 26, 11, 17, 72.33),
(146, 26, 11, 12, 58.97),
(147, 26, 11, 11, 66.02),
(148, 26, 11, 5, 24.37),
(149, 26, 11, 1, 70.82),
(150, 26, 11, 16, 60.48),
(151, 26, 11, 11, 3.96),
(152, 26, 11, 14, 53.57),
(153, 26, 11, 10, 55.26),
(154, 26, 11, 10, 9.99),
(155, 26, 11, 17, 26.08),
(156, 26, 11, 1, 52.97),
(157, 26, 11, 5, 51.29),
(158, 26, 11, 19, 23.62),
(159, 26, 11, 14, 69.75),
(160, 26, 11, 9, 11.25),
(161, 26, 11, 17, 57.62),
(162, 26, 11, 6, 69.71),
(163, 26, 11, 15, 43.72),
(164, 26, 11, 12, 40.9),
(165, 26, 11, 8, 47.19),
(166, 26, 11, 4, 57.22),
(167, 26, 11, 7, 22.18),
(168, 26, 11, 10, 34.86),
(169, 26, 11, 14, 60.2),
(170, 26, 11, 12, 16.08),
(171, 26, 11, 9, 16.2),
(172, 26, 11, 4, 2.99),
(173, 26, 11, 10, 21.51),
(174, 26, 11, 14, 1.82),
(175, 26, 11, 11, 62.39),
(176, 26, 11, 8, 17.66),
(177, 26, 11, 7, 9.49),
(178, 26, 11, 19, 11.59),
(179, 26, 11, 15, 32.16),
(180, 26, 11, 15, 59.1),
(181, 26, 11, 4, 55.57),
(182, 26, 11, 6, 4.36),
(183, 26, 11, 13, 38.1),
(184, 26, 11, 11, 2.78),
(1, 27, 11, 18, 65),
(2, 27, 11, 12, 1.87),
(3, 27, 11, 14, 57.55),
(4, 27, 11, 10, 30.74),
(5, 27, 11, 3, 0.52),
(6, 27, 11, 11, 23.81),
(7, 27, 11, 16, 65.34),
(8, 27, 11, 6, 53.47),
(9, 27, 11, 13, 25.04),
(10, 27, 11, 4, 27.96),
(11, 27, 11, 13, 21.15),
(12, 27, 11, 4, 55.46),
(13, 27, 11, 17, 68.57),
(14, 27, 11, 10, 20.29),
(15, 27, 11, 10, 34.04),
(16, 27, 11, 12, 40.94),
(17, 27, 11, 14, 27.6),
(18, 27, 11, 9, 54.48),
(19, 27, 11, 9, 19.41),
(20, 27, 11, 18, 34.68),
(21, 27, 11, 12, 69.72),
(22, 27, 11, 5, 64.1),
(23, 27, 11, 1, 44.22),
(24, 27, 11, 14, 5.72),
(25, 27, 11, 15, 2.73),
(26, 27, 11, 14, 62.46),
(27, 27, 11, 16, 4.63),
(28, 27, 11, 20, 3.85),
(29, 27, 11, 18, 4.33),
(30, 27, 11, 13, 1.77),
(31, 27, 11, 16, 13.32),
(32, 27, 11, 19, 9.2),
(33, 27, 11, 4, 62.79),
(34, 27, 11, 13, 72.91),
(35, 27, 11, 6, 33.2),
(36, 27, 11, 19, 20.59),
(37, 27, 11, 2, 24.03),
(38, 27, 11, 9, 68.04),
(39, 27, 11, 1, 43.87),
(40, 27, 11, 4, 15.4),
(41, 27, 3, 15, 24.63),
(42, 27, 3, 2, 11.08),
(43, 27, 3, 15, 6.09),
(44, 27, 3, 14, 1.22),
(45, 27, 3, 8, 61.11),
(46, 27, 3, 1, 71.6),
(47, 27, 3, 12, 64.99),
(48, 27, 3, 18, 12.43),
(49, 27, 11, 6, 18.66),
(50, 27, 11, 13, 56.02),
(51, 27, 11, 1, 36.76),
(52, 27, 11, 20, 51.59),
(53, 27, 11, 9, 12.23),
(54, 27, 11, 18, 19.79),
(55, 27, 11, 4, 16.14),
(56, 27, 11, 18, 49.29),
(57, 27, 11, 6, 11.01),
(58, 27, 11, 5, 15.82),
(59, 27, 11, 1, 46.85),
(60, 27, 11, 3, 62.78),
(61, 27, 11, 15, 69.23),
(62, 27, 11, 20, 70.09),
(63, 27, 11, 20, 20.63),
(64, 27, 11, 1, 30.09),
(65, 27, 11, 2, 54.99),
(66, 27, 11, 1, 15.1),
(67, 27, 11, 9, 5.7),
(68, 27, 11, 17, 34.29),
(69, 27, 11, 5, 10.24),
(70, 27, 11, 15, 17.07),
(71, 27, 11, 7, 26.87),
(72, 27, 11, 8, 42.62),
(73, 27, 11, 4, 17.01),
(74, 27, 11, 3, 18.57),
(75, 27, 11, 10, 21.04),
(76, 27, 11, 16, 32.85),
(77, 27, 11, 7, 30.25),
(78, 27, 11, 14, 7.51),
(79, 27, 11, 2, 19.14),
(80, 27, 11, 16, 25.35),
(81, 27, 11, 14, 67.79),
(82, 27, 11, 17, 1.6),
(83, 27, 11, 1, 53.54),
(84, 27, 11, 4, 54.68),
(85, 27, 11, 10, 38.87),
(86, 27, 11, 16, 35.88),
(87, 27, 11, 5, 30.08),
(88, 27, 11, 13, 6.97),
(89, 27, 11, 1, 43.2),
(90, 27, 11, 17, 54.5),
(91, 27, 11, 16, 16.72),
(92, 27, 11, 19, 14.14),
(93, 27, 11, 3, 12.39),
(94, 27, 11, 5, 46.26),
(95, 27, 11, 14, 44.23),
(96, 27, 11, 1, 56.42),
(97, 27, 11, 6, 32.81),
(98, 27, 11, 16, 11.94),
(99, 27, 11, 6, 16.12),
(100, 27, 11, 8, 63.57),
(101, 27, 11, 8, 71.88),
(102, 27, 11, 14, 53.12),
(103, 27, 4, 16, 69.69),
(104, 27, 4, 15, 48.28),
(105, 27, 4, 10, 54.86),
(106, 27, 4, 3, 48.14),
(107, 27, 4, 9, 1.78),
(108, 27, 4, 20, 44.13),
(109, 27, 4, 7, 2.23),
(110, 27, 4, 5, 71.15),
(111, 27, 11, 5, 18.53),
(112, 27, 11, 18, 46.32),
(113, 27, 11, 17, 37.48),
(114, 27, 11, 6, 1.95),
(115, 27, 11, 19, 3.55),
(116, 27, 11, 5, 52.43),
(117, 27, 11, 12, 40.52),
(118, 27, 11, 4, 69.69),
(119, 27, 11, 9, 45.24),
(120, 27, 11, 19, 20.9),
(121, 27, 11, 14, 13.14),
(122, 27, 11, 6, 20.2),
(123, 27, 11, 19, 14.77),
(124, 27, 11, 4, 66.38),
(125, 27, 11, 19, 56.91),
(126, 27, 11, 15, 43.94),
(127, 27, 11, 6, 50.3),
(128, 27, 11, 16, 50),
(129, 27, 11, 1, 19.22),
(130, 27, 11, 20, 65.13),
(131, 27, 11, 16, 44.32),
(132, 27, 11, 17, 40.36),
(133, 27, 11, 14, 39.59),
(134, 27, 11, 14, 16.61),
(135, 27, 11, 17, 72.4),
(136, 27, 11, 14, 10.46),
(137, 27, 11, 3, 30.28),
(138, 27, 11, 6, 65.29),
(139, 27, 11, 6, 19.32),
(140, 27, 11, 6, 55.79),
(141, 27, 11, 14, 55.45),
(142, 27, 11, 18, 1.51),
(143, 27, 11, 3, 52.22),
(144, 27, 11, 10, 46.52),
(145, 27, 11, 10, 24.89),
(146, 27, 11, 8, 15.6),
(147, 27, 11, 8, 7.57),
(148, 27, 11, 11, 19.15),
(149, 27, 11, 11, 29.35),
(150, 27, 11, 9, 71),
(151, 27, 11, 13, 9.48),
(152, 27, 11, 8, 12.78),
(153, 27, 11, 4, 2.44),
(154, 27, 11, 1, 27.2),
(155, 27, 11, 18, 42.39),
(156, 27, 11, 13, 52.27),
(157, 27, 11, 18, 11.46),
(158, 27, 11, 5, 39.93),
(159, 27, 11, 5, 20.93),
(160, 27, 11, 2, 16.51),
(161, 27, 11, 2, 68.13),
(162, 27, 11, 5, 60.45),
(163, 27, 11, 15, 32.51),
(164, 27, 11, 11, 57.65),
(165, 27, 11, 19, 12.98),
(166, 27, 11, 1, 72.53),
(167, 27, 11, 1, 71.88),
(168, 27, 11, 17, 60.31),
(169, 27, 11, 3, 12.49),
(170, 27, 11, 20, 15.82),
(171, 27, 11, 1, 56.05),
(172, 27, 11, 10, 56.18),
(173, 27, 11, 4, 68.67),
(174, 27, 11, 15, 25.83),
(175, 27, 11, 11, 4.61),
(176, 27, 11, 4, 68.99),
(177, 27, 11, 11, 61.63),
(178, 27, 11, 15, 30.86),
(179, 27, 11, 14, 17.87),
(180, 27, 11, 20, 51.33),
(181, 27, 11, 17, 30.85),
(182, 27, 11, 20, 28.77),
(183, 27, 11, 17, 52.99),
(184, 27, 11, 13, 60.39),
(1, 28, 11, 5, 40.95),
(2, 28, 11, 14, 17.59),
(3, 28, 11, 13, 14.83),
(4, 28, 11, 18, 13.24),
(5, 28, 11, 4, 28.92),
(6, 28, 11, 12, 0.17),
(7, 28, 11, 7, 85.22),
(8, 28, 11, 9, 42.29),
(9, 28, 11, 9, 46.48),
(10, 28, 11, 6, 62.34),
(11, 28, 11, 5, 79.45),
(12, 28, 11, 17, 61.64),
(13, 28, 11, 3, 48.89),
(14, 28, 11, 17, 63.58),
(15, 28, 11, 19, 11.26),
(16, 28, 11, 19, 16.04),
(17, 28, 11, 6, 85.16),
(18, 28, 11, 15, 86.78),
(19, 28, 11, 17, 33.07),
(20, 28, 11, 2, 48.45),
(21, 28, 11, 4, 8.75),
(22, 28, 11, 16, 54),
(23, 28, 11, 13, 36.09),
(24, 28, 11, 2, 54.5),
(25, 28, 11, 12, 66.54),
(26, 28, 11, 19, 87.82),
(27, 28, 11, 13, 28.11),
(28, 28, 11, 10, 61.39),
(29, 28, 11, 12, 83.73),
(30, 28, 11, 17, 72.81),
(31, 28, 11, 5, 24.22),
(32, 28, 11, 4, 6.9),
(33, 28, 11, 20, 49.64),
(34, 28, 11, 10, 43.68),
(35, 28, 11, 5, 13.45),
(36, 28, 11, 9, 70.97),
(37, 28, 11, 14, 35.19),
(38, 28, 11, 20, 70.82),
(39, 28, 11, 20, 25.13),
(40, 28, 11, 16, 80.31),
(41, 28, 11, 4, 48.69),
(42, 28, 11, 15, 6.07),
(43, 28, 11, 17, 28.85),
(44, 28, 11, 20, 47.64),
(45, 28, 11, 12, 62.74),
(46, 28, 7, 7, 57.28),
(47, 28, 7, 17, 75.91),
(48, 28, 7, 17, 79.37),
(49, 28, 7, 4, 37.34),
(50, 28, 7, 10, 76.13),
(51, 28, 7, 3, 51.06),
(52, 28, 7, 19, 22.25),
(53, 28, 7, 4, 51.65),
(54, 28, 7, 12, 65.92),
(55, 28, 7, 5, 12.69),
(56, 28, 7, 16, 4.75),
(57, 28, 7, 15, 62.29),
(58, 28, 7, 1, 24.28),
(59, 28, 7, 2, 28.61),
(60, 28, 7, 2, 33.44),
(61, 28, 7, 8, 76.51),
(62, 28, 11, 7, 68.3),
(63, 28, 11, 20, 17.68),
(64, 28, 11, 6, 84.96),
(65, 28, 11, 2, 41.43),
(66, 28, 11, 17, 32.62),
(67, 28, 11, 2, 51.76),
(68, 28, 11, 2, 16.26),
(69, 28, 11, 5, 2.98),
(70, 28, 11, 9, 12.38),
(71, 28, 11, 5, 74.63),
(72, 28, 11, 6, 74.94),
(73, 28, 11, 4, 65.95),
(74, 28, 11, 19, 35.74),
(75, 28, 11, 3, 20.01),
(76, 28, 11, 10, 13.54),
(77, 28, 11, 20, 36.25),
(78, 28, 11, 11, 1),
(79, 28, 11, 1, 66.71),
(80, 28, 11, 16, 36.86),
(81, 28, 11, 1, 63.87),
(82, 28, 11, 12, 81.21),
(83, 28, 11, 13, 73.52),
(84, 28, 11, 20, 61.15),
(85, 28, 11, 19, 65.22),
(86, 28, 11, 18, 45.4),
(87, 28, 11, 17, 23.08),
(88, 28, 11, 20, 86.03),
(89, 28, 11, 14, 45.25),
(90, 28, 11, 20, 84.05),
(91, 28, 11, 18, 45.38),
(92, 28, 11, 18, 57.66),
(93, 28, 11, 13, 87.85),
(94, 28, 11, 11, 63.86),
(95, 28, 11, 20, 20.89),
(96, 28, 11, 17, 19.4),
(97, 28, 11, 10, 14.27),
(98, 28, 11, 6, 43.44),
(99, 28, 11, 14, 2.33),
(100, 28, 11, 9, 19.21),
(101, 28, 11, 12, 37.14),
(102, 28, 11, 11, 14.78),
(103, 28, 11, 16, 39.08),
(104, 28, 11, 6, 39.08),
(105, 28, 11, 7, 20.75),
(106, 28, 11, 17, 20.78),
(107, 28, 11, 14, 23.6),
(108, 28, 11, 18, 35.18),
(109, 28, 11, 1, 2.31),
(110, 28, 11, 2, 29.4),
(111, 28, 11, 12, 2.68),
(112, 28, 11, 13, 18.07),
(113, 28, 11, 15, 75.03),
(114, 28, 11, 16, 58.2),
(115, 28, 11, 13, 21.14),
(116, 28, 11, 13, 24.72),
(117, 28, 11, 4, 55.82),
(118, 28, 11, 3, 50.65),
(119, 28, 11, 6, 12.46),
(120, 28, 11, 12, 4.38),
(121, 28, 11, 5, 71.73),
(122, 28, 11, 4, 53.4),
(123, 28, 11, 8, 25.36),
(124, 28, 11, 5, 64),
(125, 28, 11, 11, 46.01),
(126, 28, 11, 16, 85.48),
(127, 28, 11, 18, 67.86),
(128, 28, 11, 2, 29.91),
(129, 28, 11, 4, 37.22),
(130, 28, 11, 11, 43.62),
(131, 28, 11, 19, 63.07),
(132, 28, 11, 14, 2.12),
(133, 28, 11, 20, 14.82),
(134, 28, 11, 16, 8.11),
(135, 28, 11, 20, 46.04),
(136, 28, 11, 16, 38.41),
(137, 28, 11, 7, 19.12),
(138, 28, 8, 7, 27.94),
(139, 28, 8, 20, 2.44),
(140, 28, 8, 13, 34.18),
(141, 28, 8, 4, 55.5),
(142, 28, 8, 3, 65.42),
(143, 28, 8, 3, 38.08),
(144, 28, 8, 15, 77.79),
(145, 28, 8, 2, 16.24),
(146, 28, 8, 4, 3.98),
(147, 28, 8, 5, 19.06),
(148, 28, 8, 1, 66.31),
(149, 28, 8, 19, 75.86),
(150, 28, 8, 7, 55.84),
(151, 28, 8, 16, 34.68),
(152, 28, 8, 18, 69.18),
(153, 28, 8, 3, 10.85),
(154, 28, 11, 11, 41.33),
(155, 28, 11, 11, 27.06),
(156, 28, 11, 12, 21.49),
(157, 28, 11, 8, 50.7),
(158, 28, 11, 19, 34.26),
(159, 28, 11, 18, 47.68),
(160, 28, 11, 13, 15.36),
(161, 28, 11, 2, 5.41),
(162, 28, 11, 13, 0.85),
(163, 28, 11, 14, 57.58),
(164, 28, 11, 12, 68.54),
(165, 28, 11, 5, 31.83),
(166, 28, 11, 8, 66.38),
(167, 28, 11, 10, 13.31),
(168, 28, 11, 17, 68.7),
(169, 28, 11, 15, 69.14),
(170, 28, 11, 4, 14.1),
(171, 28, 11, 20, 43.88),
(172, 28, 11, 20, 87.64),
(173, 28, 11, 15, 3.72),
(174, 28, 11, 3, 69.14),
(175, 28, 11, 6, 71.33),
(176, 28, 11, 14, 50.65),
(177, 28, 11, 6, 7.92),
(178, 28, 11, 1, 61.99),
(179, 28, 11, 9, 23.36),
(180, 28, 11, 4, 41.09),
(181, 28, 11, 10, 9.02),
(182, 28, 11, 6, 26.76),
(183, 28, 11, 9, 87.93),
(184, 28, 11, 11, 25.64),
(1, 29, 11, 11, 67.52),
(2, 29, 11, 2, 19.1),
(3, 29, 11, 8, 14.91),
(4, 29, 11, 5, 32.64),
(5, 29, 11, 6, 87.98),
(6, 29, 11, 19, 72.64),
(7, 29, 11, 12, 24.57),
(8, 29, 11, 13, 65.18),
(9, 29, 11, 12, 4.69),
(10, 29, 11, 3, 53.92),
(11, 29, 11, 8, 81.17),
(12, 29, 11, 17, 10.14),
(13, 29, 11, 7, 0.7),
(14, 29, 11, 1, 16.51),
(15, 29, 11, 12, 77.39),
(16, 29, 11, 18, 64.06),
(17, 29, 11, 7, 46.52),
(18, 29, 11, 12, 51.35),
(19, 29, 11, 14, 16.28),
(20, 29, 11, 9, 66.1),
(21, 29, 11, 5, 46.73),
(22, 29, 11, 17, 78.04),
(23, 29, 11, 7, 40.29),
(24, 29, 11, 7, 52.57),
(25, 29, 11, 16, 57.05),
(26, 29, 11, 14, 12.11),
(27, 29, 11, 12, 39.96),
(28, 29, 11, 10, 37.05),
(29, 29, 11, 8, 81.1),
(30, 29, 11, 1, 42.96),
(31, 29, 11, 16, 81.17),
(32, 29, 11, 4, 49.1),
(33, 29, 11, 19, 14.17),
(34, 29, 11, 7, 11.99),
(35, 29, 11, 2, 74.69),
(36, 29, 11, 13, 80.91),
(37, 29, 11, 1, 22.39),
(38, 29, 11, 5, 34.15),
(39, 29, 11, 15, 15.08),
(40, 29, 11, 6, 7.03),
(41, 29, 11, 1, 16.14),
(42, 29, 11, 18, 45.95),
(43, 29, 11, 14, 27.05),
(44, 29, 11, 9, 22.45),
(45, 29, 11, 3, 57.11),
(46, 29, 7, 17, 69.74),
(47, 29, 7, 2, 23.56),
(48, 29, 7, 2, 13.16),
(49, 29, 7, 19, 6.91),
(50, 29, 7, 8, 25.45),
(51, 29, 7, 18, 34.64),
(52, 29, 7, 12, 32.14),
(53, 29, 7, 12, 7.25),
(54, 29, 7, 6, 34.34),
(55, 29, 7, 3, 4.92),
(56, 29, 7, 15, 58.21),
(57, 29, 7, 16, 19.08),
(58, 29, 7, 4, 40.02),
(59, 29, 7, 11, 41.41),
(60, 29, 7, 5, 57.57),
(61, 29, 7, 3, 34.95),
(62, 29, 11, 3, 71.08),
(63, 29, 11, 13, 54.06),
(64, 29, 11, 8, 58.35),
(65, 29, 11, 6, 44.14),
(66, 29, 11, 12, 8.49),
(67, 29, 11, 9, 26.31),
(68, 29, 11, 2, 58.86),
(69, 29, 11, 1, 85.02),
(70, 29, 11, 10, 35.61),
(71, 29, 11, 2, 58.08),
(72, 29, 11, 4, 8.84),
(73, 29, 11, 17, 15.53),
(74, 29, 11, 15, 1.64),
(75, 29, 11, 5, 7.27),
(76, 29, 11, 2, 17.67),
(77, 29, 11, 12, 55.9),
(78, 29, 11, 12, 69.04),
(79, 29, 11, 1, 65.46),
(80, 29, 11, 3, 85.57),
(81, 29, 11, 7, 47.23),
(82, 29, 11, 19, 51.25),
(83, 29, 11, 2, 20.66),
(84, 29, 11, 16, 32.83),
(85, 29, 11, 18, 55.01),
(86, 29, 11, 11, 83.95),
(87, 29, 11, 16, 57.68),
(88, 29, 11, 12, 81.66),
(89, 29, 11, 8, 48.01),
(90, 29, 11, 20, 50.85),
(91, 29, 11, 17, 40.79),
(92, 29, 11, 11, 78.02),
(93, 29, 11, 17, 0.8),
(94, 29, 11, 16, 86.38),
(95, 29, 11, 7, 24.48),
(96, 29, 11, 10, 67.87),
(97, 29, 11, 3, 77.53),
(98, 29, 11, 17, 4.34),
(99, 29, 11, 17, 42.66),
(100, 29, 11, 6, 47.5),
(101, 29, 11, 7, 12.78),
(102, 29, 11, 15, 27.24),
(103, 29, 11, 12, 82.63),
(104, 29, 11, 6, 49.86),
(105, 29, 11, 3, 61.84),
(106, 29, 11, 11, 76.23),
(107, 29, 11, 17, 85.85),
(108, 29, 11, 14, 1.1),
(109, 29, 11, 14, 83.18),
(110, 29, 11, 1, 49.81),
(111, 29, 11, 20, 60.39),
(112, 29, 11, 16, 88.17),
(113, 29, 11, 2, 16.02),
(114, 29, 11, 11, 13.06),
(115, 29, 11, 15, 56.35),
(116, 29, 11, 3, 59.75),
(117, 29, 11, 20, 61.16),
(118, 29, 11, 7, 45.16),
(119, 29, 11, 7, 57.27),
(120, 29, 11, 5, 53.84),
(121, 29, 11, 4, 53.2),
(122, 29, 11, 4, 46.99),
(123, 29, 11, 10, 34.53),
(124, 29, 11, 13, 56.78),
(125, 29, 11, 18, 45.36),
(126, 29, 11, 19, 83.74),
(127, 29, 11, 14, 37.77),
(128, 29, 11, 15, 76.06),
(129, 29, 11, 14, 78.47),
(130, 29, 11, 8, 37.82),
(131, 29, 11, 7, 19.19),
(132, 29, 11, 19, 69.85),
(133, 29, 11, 6, 60.72),
(134, 29, 11, 14, 80.38),
(135, 29, 11, 13, 34.11),
(136, 29, 11, 20, 75.54),
(137, 29, 11, 4, 23.44),
(138, 29, 8, 11, 13.03),
(139, 29, 8, 1, 18.97),
(140, 29, 8, 6, 5.87),
(141, 29, 8, 16, 40.55),
(142, 29, 8, 2, 50.75),
(143, 29, 8, 1, 41.99),
(144, 29, 8, 6, 1.81),
(145, 29, 8, 12, 18.17),
(146, 29, 8, 16, 41.37),
(147, 29, 8, 20, 37.15),
(148, 29, 8, 17, 2.28),
(149, 29, 8, 13, 63.29),
(150, 29, 8, 14, 6.1),
(151, 29, 8, 1, 79.43),
(152, 29, 8, 6, 49.97),
(153, 29, 8, 7, 2.79),
(154, 29, 11, 14, 20.16),
(155, 29, 11, 18, 26.94),
(156, 29, 11, 5, 23.53),
(157, 29, 11, 13, 51.14),
(158, 29, 11, 1, 57.96),
(159, 29, 11, 4, 24.76),
(160, 29, 11, 18, 26.74),
(161, 29, 11, 15, 70.75),
(162, 29, 11, 18, 54.44),
(163, 29, 11, 10, 21.45),
(164, 29, 11, 12, 84.49),
(165, 29, 11, 18, 59.27),
(166, 29, 11, 14, 41.34),
(167, 29, 11, 6, 2.56),
(168, 29, 11, 7, 52.02),
(169, 29, 11, 1, 68.28),
(170, 29, 11, 8, 75.81),
(171, 29, 11, 8, 39.4),
(172, 29, 11, 9, 1.42),
(173, 29, 11, 16, 57.31),
(174, 29, 11, 3, 17.34),
(175, 29, 11, 9, 54.49),
(176, 29, 11, 12, 14.79),
(177, 29, 11, 2, 69.46),
(178, 29, 11, 12, 39.31),
(179, 29, 11, 18, 43.35),
(180, 29, 11, 10, 24.91),
(181, 29, 11, 18, 26.11),
(182, 29, 11, 9, 74.87),
(183, 29, 11, 20, 54.09),
(184, 29, 11, 12, 8.55),
(1, 30, 11, 14, 44.37),
(2, 30, 11, 13, 13.4),
(3, 30, 11, 10, 74.04),
(4, 30, 11, 1, 15.52),
(5, 30, 11, 15, 18.1),
(6, 30, 11, 4, 6.03),
(7, 30, 11, 4, 20.13),
(8, 30, 11, 6, 42.83),
(9, 30, 11, 8, 17.58),
(10, 30, 11, 9, 85.42),
(11, 30, 11, 2, 16.76),
(12, 30, 11, 12, 19.47),
(13, 30, 11, 15, 3.22),
(14, 30, 11, 2, 73.08),
(15, 30, 11, 12, 76.42),
(16, 30, 11, 7, 78.8),
(17, 30, 11, 11, 4),
(18, 30, 11, 1, 39.87),
(19, 30, 11, 19, 67.9),
(20, 30, 11, 15, 56.66),
(21, 30, 11, 7, 52.4),
(22, 30, 11, 20, 80.57),
(23, 30, 11, 4, 60.53),
(24, 30, 11, 17, 73.45),
(25, 30, 11, 16, 53.11),
(26, 30, 11, 16, 22.15),
(27, 30, 11, 3, 71.24),
(28, 30, 11, 13, 76.49),
(29, 30, 11, 9, 27.74),
(30, 30, 11, 10, 39.08),
(31, 30, 11, 8, 10.53),
(32, 30, 11, 13, 23.89),
(33, 30, 11, 11, 27.72),
(34, 30, 11, 2, 51.84),
(35, 30, 11, 5, 4.71),
(36, 30, 11, 11, 2.1),
(37, 30, 11, 1, 69.29),
(38, 30, 11, 6, 32.5),
(39, 30, 11, 1, 32.23),
(40, 30, 11, 1, 11.58),
(41, 30, 11, 8, 2.18),
(42, 30, 11, 14, 66.93),
(43, 30, 11, 13, 24.61),
(44, 30, 11, 5, 40.08),
(45, 30, 11, 13, 19.81),
(46, 30, 7, 19, 76.7),
(47, 30, 7, 5, 70.19),
(48, 30, 7, 20, 62.61),
(49, 30, 7, 15, 37.08),
(50, 30, 7, 9, 50.92),
(51, 30, 7, 3, 60.63),
(52, 30, 7, 13, 15.08),
(53, 30, 7, 13, 79.63),
(54, 30, 7, 2, 26.53),
(55, 30, 7, 12, 27.42),
(56, 30, 7, 19, 10.34),
(57, 30, 7, 12, 47.32),
(58, 30, 7, 14, 40.88),
(59, 30, 7, 6, 3.17),
(60, 30, 7, 18, 27.24),
(61, 30, 7, 14, 60.76),
(62, 30, 11, 20, 61.52),
(63, 30, 11, 8, 50.7),
(64, 30, 11, 10, 64.59),
(65, 30, 11, 5, 18.72),
(66, 30, 11, 7, 62.18),
(67, 30, 11, 18, 45.41),
(68, 30, 11, 16, 38.34),
(69, 30, 11, 3, 26.84),
(70, 30, 11, 17, 32.33),
(71, 30, 11, 12, 6),
(72, 30, 11, 12, 17.63),
(73, 30, 11, 7, 30.95),
(74, 30, 11, 11, 71.21),
(75, 30, 11, 17, 64.86),
(76, 30, 11, 14, 74.14),
(77, 30, 11, 12, 72.47),
(78, 30, 11, 2, 15.11),
(79, 30, 11, 4, 86.89),
(80, 30, 11, 14, 57.48),
(81, 30, 11, 7, 43.49),
(82, 30, 11, 2, 71.63),
(83, 30, 11, 20, 16.57),
(84, 30, 11, 12, 45.66),
(85, 30, 11, 14, 16.66),
(86, 30, 11, 13, 5.63),
(87, 30, 11, 6, 86.46),
(88, 30, 11, 5, 72.35),
(89, 30, 11, 9, 8.26),
(90, 30, 11, 2, 25.1),
(91, 30, 11, 16, 70.7),
(92, 30, 11, 3, 18.69),
(93, 30, 11, 8, 22.01),
(94, 30, 11, 18, 49.62),
(95, 30, 11, 9, 61.25),
(96, 30, 11, 16, 88.47),
(97, 30, 11, 19, 76.76),
(98, 30, 11, 20, 36.54),
(99, 30, 11, 2, 45.13),
(100, 30, 11, 3, 78.37),
(101, 30, 11, 8, 0.53),
(102, 30, 11, 6, 49.99),
(103, 30, 11, 17, 41.6),
(104, 30, 11, 5, 5.05),
(105, 30, 11, 16, 69.15),
(106, 30, 11, 1, 23.51),
(107, 30, 11, 13, 31.63),
(108, 30, 11, 16, 73.28),
(109, 30, 11, 17, 61.74),
(110, 30, 11, 4, 4.6),
(111, 30, 11, 1, 44.83),
(112, 30, 11, 6, 46.03),
(113, 30, 11, 7, 51.52),
(114, 30, 11, 16, 63.42),
(115, 30, 11, 16, 58.3),
(116, 30, 11, 10, 62.41),
(117, 30, 11, 3, 77.44),
(118, 30, 11, 9, 73.39),
(119, 30, 11, 2, 86.08),
(120, 30, 11, 1, 70.35),
(121, 30, 11, 17, 49.61),
(122, 30, 11, 14, 51.22),
(123, 30, 11, 1, 54.99),
(124, 30, 11, 1, 16.47),
(125, 30, 11, 2, 6.06),
(126, 30, 11, 9, 3.3),
(127, 30, 11, 4, 26.6),
(128, 30, 11, 12, 20.59),
(129, 30, 11, 2, 42.34),
(130, 30, 11, 10, 0.62),
(131, 30, 11, 10, 38.99),
(132, 30, 11, 19, 37.69),
(133, 30, 11, 13, 71.55),
(134, 30, 11, 14, 40.91),
(135, 30, 11, 6, 72.08),
(136, 30, 11, 19, 37.06),
(137, 30, 11, 15, 84.35),
(138, 30, 8, 7, 11.43),
(139, 30, 8, 8, 16.75),
(140, 30, 8, 15, 33.3),
(141, 30, 8, 7, 64.93),
(142, 30, 8, 14, 48.94),
(143, 30, 8, 4, 12.26),
(144, 30, 8, 5, 34.5),
(145, 30, 8, 11, 59.52),
(146, 30, 8, 19, 40.3),
(147, 30, 8, 10, 36.13),
(148, 30, 8, 18, 71.04),
(149, 30, 8, 6, 23.75),
(150, 30, 8, 19, 59.77),
(151, 30, 8, 2, 47.01),
(152, 30, 8, 18, 57.31),
(153, 30, 8, 20, 18.23),
(154, 30, 11, 16, 69.47),
(155, 30, 11, 3, 31.73),
(156, 30, 11, 18, 58.97),
(157, 30, 11, 17, 68.81),
(158, 30, 11, 16, 0.46),
(159, 30, 11, 19, 66.98),
(160, 30, 11, 4, 78.39),
(161, 30, 11, 3, 15.54),
(162, 30, 11, 8, 41.37),
(163, 30, 11, 16, 11.39),
(164, 30, 11, 14, 67.53),
(165, 30, 11, 19, 36.6),
(166, 30, 11, 10, 74.55),
(167, 30, 11, 13, 48.91),
(168, 30, 11, 9, 87.87),
(169, 30, 11, 18, 22.66),
(170, 30, 11, 4, 54.71),
(171, 30, 11, 4, 42.78),
(172, 30, 11, 7, 80.31),
(173, 30, 11, 10, 44.94),
(174, 30, 11, 7, 48.98),
(175, 30, 11, 17, 56.83),
(176, 30, 11, 4, 4.87),
(177, 30, 11, 7, 46.84),
(178, 30, 11, 1, 33.67),
(179, 30, 11, 18, 13.93),
(180, 30, 11, 12, 2.44),
(181, 30, 11, 19, 0.19),
(182, 30, 11, 10, 67.09),
(183, 30, 11, 8, 84.56),
(184, 30, 11, 16, 47.74);

-- --------------------------------------------------------

--
-- Table structure for table `Store`
--

CREATE TABLE `Store` (
  `store_key` double NOT NULL,
  `name` varchar(255) DEFAULT NULL,
  `store_number` double DEFAULT NULL,
  `store_street_address` varchar(255) DEFAULT NULL,
  `city` varchar(255) DEFAULT NULL,
  `store_county` varchar(255) DEFAULT NULL,
  `store_state` varchar(255) DEFAULT NULL,
  `store_zip` double DEFAULT NULL,
  `sales_district` varchar(255) DEFAULT NULL,
  `sales_region` varchar(255) DEFAULT NULL
) ENGINE=InnoDB DEFAULT CHARSET=utf8;

--
-- Dumping data for table `Store`
--

INSERT INTO `Store` (`store_key`, `name`, `store_number`, `store_street_address`, `city`, `store_county`, `store_state`, `store_zip`, `sales_district`, `sales_region`) VALUES
(1, 'Store No. 1', 1, '999 Main Street', 'New York', 'New York', 'NY', 91089, 'New York', 'Eastern'),
(2, 'Store No. 2', 2, '73 Main Street', 'Chicago', 'Cook', 'IL', 14594, 'Cook', 'Mid West'),
(3, 'Store No. 3', 3, '1 Main Street', 'Atlanta', 'Fulton', 'GA', 54315, 'Fulton', 'South East'),
(4, 'Store No. 4', 4, '575 Main Street', 'Los Angeles', 'Los Angeles', 'CA', 52944, 'Los Angeles', 'Pacific'),
(5, 'Store No. 5', 5, '123 Main Street', 'San Francisco', 'San Francisco', 'CA', 86969, 'San Francisco', 'Pacific'),
(6, 'Store No. 6', 6, '353 Main Street', 'Philadelphia', 'Philadelphia', 'PA', 51458, 'Philadelphia', 'Eastern'),
(7, 'Store No. 7', 7, '839 Main Street', 'Pittsburgh', 'Allegheny', 'PA', 91949, 'Allegheny', 'Eastern'),
(8, 'Store No. 8', 8, '651 Main Street', 'New Orleans', 'Orleans', 'LA', 61163, 'Orleans', 'South West'),
(9, 'Store No. 9', 9, '912 Main Street', 'Seattle', 'King', 'WA', 5764, 'King', 'Pacific'),
(10, 'Store No. 10', 10, '752 Main Street', 'Dallas', 'Dallas', 'TX', 34876, 'Dallas', 'South West'),
(11, 'Store No. 11', 11, '55 Main Street', 'Cincinnati', 'Hamilton', 'OH', 44999, 'Hamilton', 'Mid West'),
(12, 'Store No. 12', 12, '546 Main Street', 'Minneapolis', 'Hennepin', 'MN', 57554, 'Hennepin', 'Mid West'),
(13, 'Store No. 13', 13, '578 Main Street', 'Louisville', 'Jefferson', 'KY', 60041, 'Jefferson', 'Mid West'),
(14, 'Store No. 14', 14, '968 Main Street', 'Phoenix', 'Maricopa', 'AZ', 86844, 'Maricopa', 'Mountain'),
(15, 'Store No. 15', 15, '228 Main Street', 'Denver', 'Denver', 'CO', 21488, 'Denver', 'Mountain'),
(16, 'Store No. 16', 16, '333 Main Street', 'St. Louis', 'St. Louis', 'MO', 64373, 'St. Louis', 'Mid West'),
(17, 'Store No. 17', 17, '764 Main Street', 'Washington', 'DC', 'DC', 36161, 'DC', 'Mid Atlantic'),
(18, 'Store No. 18', 18, '253 Main Street', 'Miami', 'Dade', 'FL', 67141, 'Dade', 'South East'),
(19, 'Store No. 19', 19, '999 Main Street', 'Boston', 'Suffolk', 'MA', 19552, 'Suffolk', 'Eastern'),
(20, 'Store No. 20', 20, '160 Main Street', 'Nashville', 'Davidson', 'TN', 44859, 'Davidson', 'Mid West');

-- --------------------------------------------------------

--
-- Table structure for table `Time`
--

CREATE TABLE `Time` (
  `time_key` double NOT NULL,
  `date` varchar(255) DEFAULT NULL,
  `day_of_week` varchar(255) DEFAULT NULL,
  `day_number_in_month` double DEFAULT NULL,
  `day_number_overall` double DEFAULT NULL,
  `week_number_in_year` double DEFAULT NULL,
  `week_number_overall` double DEFAULT NULL,
  `month` varchar(50) DEFAULT NULL,
  `quarter` double DEFAULT NULL,
  `fiscal_period` varchar(255) DEFAULT NULL,
  `year` double DEFAULT NULL
) ENGINE=InnoDB DEFAULT CHARSET=utf8;

--
-- Dumping data for table `Time`
--

INSERT INTO `Time` (`time_key`, `date`, `day_of_week`, `day_number_in_month`, `day_number_overall`, `week_number_in_year`, `week_number_overall`, `month`, `quarter`, `fiscal_period`, `year`) VALUES
(1, '10/1/94 0:00', 'Saturday', 1, 273, 39, 39, '34638', 4, '4Q94', 1994),
(2, '10/2/94 0:00', 'Sunday', 2, 274, 40, 40, '34638', 4, '4Q94', 1994),
(3, '10/3/94 0:00', 'Monday', 3, 275, 40, 40, '34638', 4, '4Q94', 1994),
(4, '10/4/94 0:00', 'Tuesday', 4, 276, 40, 40, '34638', 4, '4Q94', 1994),
(5, '10/5/94 0:00', 'Wednesday', 5, 277, 40, 40, '34638', 4, '4Q94', 1994),
(6, '10/6/94 0:00', 'Thursday', 6, 278, 40, 40, '34638', 4, '4Q94', 1994),
(7, '10/7/94 0:00', 'Friday', 7, 279, 40, 40, '34638', 4, '4Q94', 1994),
(8, '10/8/94 0:00', 'Saturday', 8, 280, 40, 40, '34638', 4, '4Q94', 1994),
(9, '10/9/94 0:00', 'Sunday', 9, 281, 41, 41, '34638', 4, '4Q94', 1994),
(10, '10/10/94 0:00', 'Monday', 10, 282, 41, 41, '34638', 4, '4Q94', 1994),
(11, '10/11/94 0:00', 'Tuesday', 11, 283, 41, 41, '34638', 4, '4Q94', 1994),
(12, '10/12/94 0:00', 'Wednesday', 12, 284, 41, 41, '34638', 4, '4Q94', 1994),
(13, '10/13/94 0:00', 'Thursday', 13, 285, 41, 41, '34638', 4, '4Q94', 1994),
(14, '10/14/94 0:00', 'Friday', 14, 286, 41, 41, '34638', 4, '4Q94', 1994),
(15, '10/15/94 0:00', 'Saturday', 15, 287, 41, 41, '34638', 4, '4Q94', 1994),
(16, '10/16/94 0:00', 'Sunday', 16, 288, 42, 42, '34638', 4, '4Q94', 1994),
(17, '10/17/94 0:00', 'Monday', 17, 289, 42, 42, '34638', 4, '4Q94', 1994),
(18, '10/18/94 0:00', 'Tuesday', 18, 290, 42, 42, '34638', 4, '4Q94', 1994),
(19, '10/19/94 0:00', 'Wednesday', 19, 291, 42, 42, '34638', 4, '4Q94', 1994),
(20, '10/20/94 0:00', 'Thursday', 20, 292, 42, 42, '34638', 4, '4Q94', 1994),
(21, '10/21/94 0:00', 'Friday', 21, 293, 42, 42, '34638', 4, '4Q94', 1994),
(22, '10/22/94 0:00', 'Saturday', 22, 294, 42, 42, '34638', 4, '4Q94', 1994),
(23, '10/23/94 0:00', 'Sunday', 23, 295, 43, 43, '34638', 4, '4Q94', 1994),
(24, '10/24/94 0:00', 'Monday', 24, 296, 43, 43, '34638', 4, '4Q94', 1994),
(25, '10/25/94 0:00', 'Tuesday', 25, 297, 43, 43, '34638', 4, '4Q94', 1994),
(26, '10/26/94 0:00', 'Wednesday', 26, 298, 43, 43, '34638', 4, '4Q94', 1994),
(27, '10/27/94 0:00', 'Thursday', 27, 299, 43, 43, '34638', 4, '4Q94', 1994),
(28, '10/28/94 0:00', 'Friday', 28, 300, 43, 43, '34638', 4, '4Q94', 1994),
(29, '10/29/94 0:00', 'Saturday', 29, 301, 43, 43, '34638', 4, '4Q94', 1994),
(30, '10/30/94 0:00', 'Sunday', 30, 302, 44, 44, '34638', 4, '4Q94', 1994),
(31, '10/31/94 0:00', 'Monday', 31, 303, 44, 44, '34638', 4, '4Q94', 1994),
(32, '11/1/94 0:00', 'Tuesday', 1, 304, 44, 44, '34668', 4, '4Q94', 1994),
(33, '11/2/94 0:00', 'Wednesday', 2, 305, 44, 44, '34668', 4, '4Q94', 1994),
(34, '11/3/94 0:00', 'Thursday', 3, 306, 44, 44, '34668', 4, '4Q94', 1994),
(35, '11/4/94 0:00', 'Friday', 4, 307, 44, 44, '34668', 4, '4Q94', 1994),
(36, '11/5/94 0:00', 'Saturday', 5, 308, 44, 44, '34668', 4, '4Q94', 1994),
(37, '11/6/94 0:00', 'Sunday', 6, 309, 45, 45, '34668', 4, '4Q94', 1994),
(38, '11/7/94 0:00', 'Monday', 7, 310, 45, 45, '34668', 4, '4Q94', 1994),
(39, '11/8/94 0:00', 'Tuesday', 8, 311, 45, 45, '34668', 4, '4Q94', 1994),
(40, '11/9/94 0:00', 'Wednesday', 9, 312, 45, 45, '34668', 4, '4Q94', 1994),
(41, '11/10/94 0:00', 'Thursday', 10, 313, 45, 45, '34668', 4, '4Q94', 1994),
(42, '11/11/94 0:00', 'Friday', 11, 314, 45, 45, '34668', 4, '4Q94', 1994),
(43, '11/12/94 0:00', 'Saturday', 12, 315, 45, 45, '34668', 4, '4Q94', 1994),
(44, '11/13/94 0:00', 'Sunday', 13, 316, 46, 46, '34668', 4, '4Q94', 1994),
(45, '11/14/94 0:00', 'Monday', 14, 317, 46, 46, '34668', 4, '4Q94', 1994),
(46, '11/15/94 0:00', 'Tuesday', 15, 318, 46, 46, '34668', 4, '4Q94', 1994),
(47, '11/16/94 0:00', 'Wednesday', 16, 319, 46, 46, '34668', 4, '4Q94', 1994),
(48, '11/17/94 0:00', 'Thursday', 17, 320, 46, 46, '34668', 4, '4Q94', 1994),
(49, '11/18/94 0:00', 'Friday', 18, 321, 46, 46, '34668', 4, '4Q94', 1994),
(50, '11/19/94 0:00', 'Saturday', 19, 322, 46, 46, '34668', 4, '4Q94', 1994),
(51, '11/20/94 0:00', 'Sunday', 20, 323, 47, 47, '34668', 4, '4Q94', 1994),
(52, '11/21/94 0:00', 'Monday', 21, 324, 47, 47, '34668', 4, '4Q94', 1994),
(53, '11/22/94 0:00', 'Tuesday', 22, 325, 47, 47, '34668', 4, '4Q94', 1994),
(54, '11/23/94 0:00', 'Wednesday', 23, 326, 47, 47, '34668', 4, '4Q94', 1994),
(55, '11/24/94 0:00', 'Thursday', 24, 327, 47, 47, '34668', 4, '4Q94', 1994),
(56, '11/25/94 0:00', 'Friday', 25, 328, 47, 47, '34668', 4, '4Q94', 1994),
(57, '11/26/94 0:00', 'Saturday', 26, 329, 47, 47, '34668', 4, '4Q94', 1994),
(58, '11/27/94 0:00', 'Sunday', 27, 330, 48, 48, '34668', 4, '4Q94', 1994),
(59, '11/28/94 0:00', 'Monday', 28, 331, 48, 48, '34668', 4, '4Q94', 1994),
(60, '11/29/94 0:00', 'Tuesday', 29, 332, 48, 48, '34668', 4, '4Q94', 1994),
(61, '11/30/94 0:00', 'Wednesday', 30, 333, 48, 48, '34668', 4, '4Q94', 1994),
(62, '12/1/94 0:00', 'Thursday', 1, 334, 48, 48, '34699', 4, '4Q94', 1994),
(63, '12/2/94 0:00', 'Friday', 2, 335, 48, 48, '34699', 4, '4Q94', 1994),
(64, '12/3/94 0:00', 'Saturday', 3, 336, 48, 48, '34699', 4, '4Q94', 1994),
(65, '12/4/94 0:00', 'Sunday', 4, 337, 49, 49, '34699', 4, '4Q94', 1994),
(66, '12/5/94 0:00', 'Monday', 5, 338, 49, 49, '34699', 4, '4Q94', 1994),
(67, '12/6/94 0:00', 'Tuesday', 6, 339, 49, 49, '34699', 4, '4Q94', 1994),
(68, '12/7/94 0:00', 'Wednesday', 7, 340, 49, 49, '34699', 4, '4Q94', 1994),
(69, '12/8/94 0:00', 'Thursday', 8, 341, 49, 49, '34699', 4, '4Q94', 1994),
(70, '12/9/94 0:00', 'Friday', 9, 342, 49, 49, '34699', 4, '4Q94', 1994),
(71, '12/10/94 0:00', 'Saturday', 10, 343, 49, 49, '34699', 4, '4Q94', 1994),
(72, '12/11/94 0:00', 'Sunday', 11, 344, 50, 50, '34699', 4, '4Q94', 1994),
(73, '12/12/94 0:00', 'Monday', 12, 345, 50, 50, '34699', 4, '4Q94', 1994),
(74, '12/13/94 0:00', 'Tuesday', 13, 346, 50, 50, '34699', 4, '4Q94', 1994),
(75, '12/14/94 0:00', 'Wednesday', 14, 347, 50, 50, '34699', 4, '4Q94', 1994),
(76, '12/15/94 0:00', 'Thursday', 15, 348, 50, 50, '34699', 4, '4Q94', 1994),
(77, '12/16/94 0:00', 'Friday', 16, 349, 50, 50, '34699', 4, '4Q94', 1994),
(78, '12/17/94 0:00', 'Saturday', 17, 350, 50, 50, '34699', 4, '4Q94', 1994),
(79, '12/18/94 0:00', 'Sunday', 18, 351, 51, 51, '34699', 4, '4Q94', 1994),
(80, '12/19/94 0:00', 'Monday', 19, 352, 51, 51, '34699', 4, '4Q94', 1994),
(81, '12/20/94 0:00', 'Tuesday', 20, 353, 51, 51, '34699', 4, '4Q94', 1994),
(82, '12/21/94 0:00', 'Wednesday', 21, 354, 51, 51, '34699', 4, '4Q94', 1994),
(83, '12/22/94 0:00', 'Thursday', 22, 355, 51, 51, '34699', 4, '4Q94', 1994),
(84, '12/23/94 0:00', 'Friday', 23, 356, 51, 51, '34699', 4, '4Q94', 1994),
(85, '12/24/94 0:00', 'Saturday', 24, 357, 51, 51, '34699', 4, '4Q94', 1994),
(86, '12/25/94 0:00', 'Sunday', 25, 358, 52, 52, '34699', 4, '4Q94', 1994),
(87, '12/26/94 0:00', 'Monday', 26, 359, 52, 52, '34699', 4, '4Q94', 1994),
(88, '12/27/94 0:00', 'Tuesday', 27, 360, 52, 52, '34699', 4, '4Q94', 1994),
(89, '12/28/94 0:00', 'Wednesday', 28, 361, 52, 52, '34699', 4, '4Q94', 1994),
(90, '12/29/94 0:00', 'Thursday', 29, 362, 52, 52, '34699', 4, '4Q94', 1994),
(91, '12/30/94 0:00', 'Friday', 30, 363, 52, 52, '34699', 4, '4Q94', 1994),
(92, '12/31/94 0:00', 'Saturday', 31, 364, 52, 52, '34699', 4, '4Q94', 1994),
(93, '10/1/95 0:00', 'Sunday', 1, 638, 40, 92, '35003', 4, '4Q95', 1995),
(94, '10/2/95 0:00', 'Monday', 2, 639, 40, 92, '35003', 4, '4Q95', 1995),
(95, '10/3/95 0:00', 'Tuesday', 3, 640, 40, 92, '35003', 4, '4Q95', 1995),
(96, '10/4/95 0:00', 'Wednesday', 4, 641, 40, 92, '35003', 4, '4Q95', 1995),
(97, '10/5/95 0:00', 'Thursday', 5, 642, 40, 92, '35003', 4, '4Q95', 1995),
(98, '10/6/95 0:00', 'Friday', 6, 643, 40, 92, '35003', 4, '4Q95', 1995),
(99, '10/7/95 0:00', 'Saturday', 7, 644, 40, 92, '35003', 4, '4Q95', 1995),
(100, '10/8/95 0:00', 'Sunday', 8, 645, 41, 93, '35003', 4, '4Q95', 1995),
(101, '10/9/95 0:00', 'Monday', 9, 646, 41, 93, '35003', 4, '4Q95', 1995),
(102, '10/10/95 0:00', 'Tuesday', 10, 647, 41, 93, '35003', 4, '4Q95', 1995),
(103, '10/11/95 0:00', 'Wednesday', 11, 648, 41, 93, '35003', 4, '4Q95', 1995),
(104, '10/12/95 0:00', 'Thursday', 12, 649, 41, 93, '35003', 4, '4Q95', 1995),
(105, '10/13/95 0:00', 'Friday', 13, 650, 41, 93, '35003', 4, '4Q95', 1995),
(106, '10/14/95 0:00', 'Saturday', 14, 651, 41, 93, '35003', 4, '4Q95', 1995),
(107, '10/15/95 0:00', 'Sunday', 15, 652, 42, 94, '35003', 4, '4Q95', 1995),
(108, '10/16/95 0:00', 'Monday', 16, 653, 42, 94, '35003', 4, '4Q95', 1995),
(109, '10/17/95 0:00', 'Tuesday', 17, 654, 42, 94, '35003', 4, '4Q95', 1995),
(110, '10/18/95 0:00', 'Wednesday', 18, 655, 42, 94, '35003', 4, '4Q95', 1995),
(111, '10/19/95 0:00', 'Thursday', 19, 656, 42, 94, '35003', 4, '4Q95', 1995),
(112, '10/20/95 0:00', 'Friday', 20, 657, 42, 94, '35003', 4, '4Q95', 1995),
(113, '10/21/95 0:00', 'Saturday', 21, 658, 42, 94, '35003', 4, '4Q95', 1995),
(114, '10/22/95 0:00', 'Sunday', 22, 659, 43, 95, '35003', 4, '4Q95', 1995),
(115, '10/23/95 0:00', 'Monday', 23, 660, 43, 95, '35003', 4, '4Q95', 1995),
(116, '10/24/95 0:00', 'Tuesday', 24, 661, 43, 95, '35003', 4, '4Q95', 1995),
(117, '10/25/95 0:00', 'Wednesday', 25, 662, 43, 95, '35003', 4, '4Q95', 1995),
(118, '10/26/95 0:00', 'Thursday', 26, 663, 43, 95, '35003', 4, '4Q95', 1995),
(119, '10/27/95 0:00', 'Friday', 27, 664, 43, 95, '35003', 4, '4Q95', 1995),
(120, '10/28/95 0:00', 'Saturday', 28, 665, 43, 95, '35003', 4, '4Q95', 1995),
(121, '10/29/95 0:00', 'Sunday', 29, 666, 44, 96, '35003', 4, '4Q95', 1995),
(122, '10/30/95 0:00', 'Monday', 30, 667, 44, 96, '35003', 4, '4Q95', 1995),
(123, '10/31/95 0:00', 'Tuesday', 31, 668, 44, 96, '35003', 4, '4Q95', 1995),
(124, '11/1/95 0:00', 'Wednesday', 1, 669, 44, 96, '35033', 4, '4Q95', 1995),
(125, '11/2/95 0:00', 'Thursday', 2, 670, 44, 96, '35033', 4, '4Q95', 1995),
(126, '11/3/95 0:00', 'Friday', 3, 671, 44, 96, '35033', 4, '4Q95', 1995),
(127, '11/4/95 0:00', 'Saturday', 4, 672, 44, 96, '35033', 4, '4Q95', 1995),
(128, '11/5/95 0:00', 'Sunday', 5, 673, 45, 97, '35033', 4, '4Q95', 1995),
(129, '11/6/95 0:00', 'Monday', 6, 674, 45, 97, '35033', 4, '4Q95', 1995),
(130, '11/7/95 0:00', 'Tuesday', 7, 675, 45, 97, '35033', 4, '4Q95', 1995),
(131, '11/8/95 0:00', 'Wednesday', 8, 676, 45, 97, '35033', 4, '4Q95', 1995),
(132, '11/9/95 0:00', 'Thursday', 9, 677, 45, 97, '35033', 4, '4Q95', 1995),
(133, '11/10/95 0:00', 'Friday', 10, 678, 45, 97, '35033', 4, '4Q95', 1995),
(134, '11/11/95 0:00', 'Saturday', 11, 679, 45, 97, '35033', 4, '4Q95', 1995),
(135, '11/12/95 0:00', 'Sunday', 12, 680, 46, 98, '35033', 4, '4Q95', 1995),
(136, '11/13/95 0:00', 'Monday', 13, 681, 46, 98, '35033', 4, '4Q95', 1995),
(137, '11/14/95 0:00', 'Tuesday', 14, 682, 46, 98, '35033', 4, '4Q95', 1995),
(138, '11/15/95 0:00', 'Wednesday', 15, 683, 46, 98, '35033', 4, '4Q95', 1995),
(139, '11/16/95 0:00', 'Thursday', 16, 684, 46, 98, '35033', 4, '4Q95', 1995),
(140, '11/17/95 0:00', 'Friday', 17, 685, 46, 98, '35033', 4, '4Q95', 1995),
(141, '11/18/95 0:00', 'Saturday', 18, 686, 46, 98, '35033', 4, '4Q95', 1995),
(142, '11/19/95 0:00', 'Sunday', 19, 687, 47, 99, '35033', 4, '4Q95', 1995),
(143, '11/20/95 0:00', 'Monday', 20, 688, 47, 99, '35033', 4, '4Q95', 1995),
(144, '11/21/95 0:00', 'Tuesday', 21, 689, 47, 99, '35033', 4, '4Q95', 1995),
(145, '11/22/95 0:00', 'Wednesday', 22, 690, 47, 99, '35033', 4, '4Q95', 1995),
(146, '11/23/95 0:00', 'Thursday', 23, 691, 47, 99, '35033', 4, '4Q95', 1995),
(147, '11/24/95 0:00', 'Friday', 24, 692, 47, 99, '35033', 4, '4Q95', 1995),
(148, '11/25/95 0:00', 'Saturday', 25, 693, 47, 99, '35033', 4, '4Q95', 1995),
(149, '11/26/95 0:00', 'Sunday', 26, 694, 48, 100, '35033', 4, '4Q95', 1995),
(150, '11/27/95 0:00', 'Monday', 27, 695, 48, 100, '35033', 4, '4Q95', 1995),
(151, '11/28/95 0:00', 'Tuesday', 28, 696, 48, 100, '35033', 4, '4Q95', 1995),
(152, '11/29/95 0:00', 'Wednesday', 29, 697, 48, 100, '35033', 4, '4Q95', 1995),
(153, '11/30/95 0:00', 'Thursday', 30, 698, 48, 100, '35033', 4, '4Q95', 1995),
(154, '12/1/95 0:00', 'Friday', 1, 699, 48, 100, '35064', 4, '4Q95', 1995),
(155, '12/2/95 0:00', 'Saturday', 2, 700, 48, 100, '35064', 4, '4Q95', 1995),
(156, '12/3/95 0:00', 'Sunday', 3, 701, 49, 101, '35064', 4, '4Q95', 1995),
(157, '12/4/95 0:00', 'Monday', 4, 702, 49, 101, '35064', 4, '4Q95', 1995),
(158, '12/5/95 0:00', 'Tuesday', 5, 703, 49, 101, '35064', 4, '4Q95', 1995),
(159, '12/6/95 0:00', 'Wednesday', 6, 704, 49, 101, '35064', 4, '4Q95', 1995),
(160, '12/7/95 0:00', 'Thursday', 7, 705, 49, 101, '35064', 4, '4Q95', 1995),
(161, '12/8/95 0:00', 'Friday', 8, 706, 49, 101, '35064', 4, '4Q95', 1995),
(162, '12/9/95 0:00', 'Saturday', 9, 707, 49, 101, '35064', 4, '4Q95', 1995),
(163, '12/10/95 0:00', 'Sunday', 10, 708, 50, 102, '35064', 4, '4Q95', 1995),
(164, '12/11/95 0:00', 'Monday', 11, 709, 50, 102, '35064', 4, '4Q95', 1995),
(165, '12/12/95 0:00', 'Tuesday', 12, 710, 50, 102, '35064', 4, '4Q95', 1995),
(166, '12/13/95 0:00', 'Wednesday', 13, 711, 50, 102, '35064', 4, '4Q95', 1995),
(167, '12/14/95 0:00', 'Thursday', 14, 712, 50, 102, '35064', 4, '4Q95', 1995),
(168, '12/15/95 0:00', 'Friday', 15, 713, 50, 102, '35064', 4, '4Q95', 1995),
(169, '12/16/95 0:00', 'Saturday', 16, 714, 50, 102, '35064', 4, '4Q95', 1995),
(170, '12/17/95 0:00', 'Sunday', 17, 715, 51, 103, '35064', 4, '4Q95', 1995),
(171, '12/18/95 0:00', 'Monday', 18, 716, 51, 103, '35064', 4, '4Q95', 1995),
(172, '12/19/95 0:00', 'Tuesday', 19, 717, 51, 103, '35064', 4, '4Q95', 1995),
(173, '12/20/95 0:00', 'Wednesday', 20, 718, 51, 103, '35064', 4, '4Q95', 1995),
(174, '12/21/95 0:00', 'Thursday', 21, 719, 51, 103, '35064', 4, '4Q95', 1995),
(175, '12/22/95 0:00', 'Friday', 22, 720, 51, 103, '35064', 4, '4Q95', 1995),
(176, '12/23/95 0:00', 'Saturday', 23, 721, 51, 103, '35064', 4, '4Q95', 1995),
(177, '12/24/95 0:00', 'Sunday', 24, 722, 52, 104, '35064', 4, '4Q95', 1995),
(178, '12/25/95 0:00', 'Monday', 25, 723, 52, 104, '35064', 4, '4Q95', 1995),
(179, '12/26/95 0:00', 'Tuesday', 26, 724, 52, 104, '35064', 4, '4Q95', 1995),
(180, '12/27/95 0:00', 'Wednesday', 27, 725, 52, 104, '35064', 4, '4Q95', 1995),
(181, '12/28/95 0:00', 'Thursday', 28, 726, 52, 104, '35064', 4, '4Q95', 1995),
(182, '12/29/95 0:00', 'Friday', 29, 727, 52, 104, '35064', 4, '4Q95', 1995),
(183, '12/30/95 0:00', 'Saturday', 30, 728, 52, 104, '35064', 4, '4Q95', 1995),
(184, '12/31/95 0:00', 'Sunday', 31, 729, 53, 105, '35064', 4, '4Q95', 1995);

--
-- Indexes for dumped tables
--

--
-- Indexes for table `Product`
--
ALTER TABLE `Product`
  ADD PRIMARY KEY (`product_key`);

--
-- Indexes for table `Promotion`
--
ALTER TABLE `Promotion`
  ADD PRIMARY KEY (`promotion_key`);

--
-- Indexes for table `SalesFact`
--
ALTER TABLE `SalesFact`
  ADD KEY `product_key` (`product_key`),
  ADD KEY `time_key` (`time_key`),
  ADD KEY `store_key` (`store_key`),
  ADD KEY `promotion_key` (`promotion_key`);

--
-- Indexes for table `Store`
--
ALTER TABLE `Store`
  ADD PRIMARY KEY (`store_key`);

--
-- Indexes for table `Time`
--
ALTER TABLE `Time`
  ADD PRIMARY KEY (`time_key`);

--
-- Constraints for dumped tables
--

--
-- Constraints for table `SalesFact`
--
ALTER TABLE `SalesFact`
  ADD CONSTRAINT `salesfact_ibfk_1` FOREIGN KEY (`product_key`) REFERENCES `Product` (`product_key`),
  ADD CONSTRAINT `salesfact_ibfk_2` FOREIGN KEY (`time_key`) REFERENCES `Time` (`time_key`),
  ADD CONSTRAINT `salesfact_ibfk_3` FOREIGN KEY (`store_key`) REFERENCES `Store` (`store_key`),
  ADD CONSTRAINT `salesfact_ibfk_4` FOREIGN KEY (`promotion_key`) REFERENCES `Promotion` (`promotion_key`);

/*!40101 SET CHARACTER_SET_CLIENT=@OLD_CHARACTER_SET_CLIENT */;
/*!40101 SET CHARACTER_SET_RESULTS=@OLD_CHARACTER_SET_RESULTS */;
/*!40101 SET COLLATION_CONNECTION=@OLD_COLLATION_CONNECTION */;
